sic,sicdesc,level
0100,AGRICULTURAL PRODUCTION-CROPS,3
0110,CASH GRAINS,3
0111,WHEAT,3
0112,RICE,3
0115,CORN,3
0116,SOYBEANS,3
0119,"CASH GRAINS, NEC",3
0130,"FIELD CROPS, EXCEPT CASH GRAINS",3
0131,COTTON,3
0132,TOBACCO,3
0133,SUGARCANE AND SUGAR BEETS,3
0134,IRISH POTATOES,3
0139,"FIELD CROPS, EXCEPT CASH GRAINS, NEC",3
0160,VEGETABLES AND MELONS,3
0161,VEGETABLES AND MELONS,3
0170,FRUITS AND TREE NUTS,3
0171,BERRY CROPS,3
0172,GRAPES,3
0173,TREE NUTS,3
0174,CITRUS FRUITS,3
0175,DECIDUOUS TREE FRUITS,3
0179,"FRUITS AND TREE NUTS, NEC",3
0180,HORTICULTURAL SPECIALTIES,3
0181,ORNAMENTAL FLORICULTURE AND NURSERY PRODUCTS,3
0182,FOOD CROPS GROWN UNDER COVER,3
0189,"HORTICULTURAL SPECIALTIES, NEC",3
0190,"GENERAL FARMS, PRIMARILY CROP",3
0191,"GENERAL FARMS, PRIMARILY CROP",3
0200,AGRICULTURAL PRODUCTION-LIVESTOCK AND ANIMAL SPECIALTIES,3
0210,"LIVESTOCK, EXCEPT DAIRY AND POULTRY",3
0211,BEEF CATTLE FEEDLOTS,3
0212,"BEEF CATTLE, EXCEPT FEEDLOTS",3
0213,HOGS,3
0214,SHEEP AND GOATS,3
0219,"GENERAL LIVESTOCK, EXCEPT DAIRY AND POULTRY",3
0240,DAIRY FARMS,3
0241,DAIRY FARMS,3
0250,POULTRY AND EGGS,3
0251,"BROILER, FRYER, AND ROASTER CHICKENS",3
0252,CHICKEN EGGS,3
0253,TURKEYS AND TURKEY EGGS,3
0254,POULTRY HATCHERIES,3
0259,"POULTRY AND EGGS, NEC",3
0270,ANIMAL SPECIALTIES,3
0271,FUR-BEARING ANIMALS AND RABBITS,3
0272,HORSES AND OTHER EQUINES,3
0273,ANIMAL AQUACULTURE,3
0279,"ANIMAL SPECIALTIES, NEC",3
0290,"GENERAL FARMS, PRIMARILY LIVESTOCK AND ANIMAL SPECIALTIES",3
0291,"GENERAL FARMS, PRIMARILY LIVESTOCK AND ANIMAL SPECIALTIES",3
0700,AGRICULTURAL SERVICES,3
0710,SOIL PREPARATION SERVICES,3
0711,SOIL PREPARATION SERVICES,3
0720,CROP SERVICES,3
0721,"CROP PLANTING, CULTIVATING, AND PROTECTING",3
0722,"CROP HARVESTING, PRIMARILY BY MACHINE",3
0723,"CROP PREPARATION SERVICES FOR MARKET, EXCEPT COTTON GINNING",3
0724,COTTON GINNING,3
0729,GENERAL CROP SERVICES,3
0740,VETERINARY SERVICES,3
0741,VETERINARY SERVICES FOR LIVESTOCK,3
0742,VETERINARY SERVICES FOR ANIMAL SPECIALTIES,3
0750,"ANIMAL SERVICES, EXCEPT VETERINARY",3
0751,"LIVESTOCK SERVICES, EXCEPT VETERINARY",3
0752,"ANIMAL SPECIALTY SERVICES, EXCEPT VETERINARY",3
0760,FARM LABOR AND MANAGEMENT SERVICES,3
0761,FARM LABOR CONTRACTORS AND CREW LEADERS,3
0762,FARM MANAGEMENT SERVICES,3
0780,LANDSCAPE AND HORTICULTURAL SERVICES,3
0781,LANDSCAPE COUNSELING AND PLANNING,3
0782,LAWN AND GARDEN SERVICES,3
0783,ORNAMENTAL SHRUB AND TREE SERVICES,3
0800,FORESTRY,3
0810,TIMBER TRACTS,3
0811,TIMBER TRACTS,3
0820,FOREST NURSERIES AND TREE SEED GATHERING AND EXTRACTING,3
0821,FOREST NURSERIES AND TREE SEED GATHERING AND EXTRACTING,3
0830,FOREST NURSERIES AND GATHERING OF FOREST PRODUCTS,3
0831,FOREST NURSERIES AND GATHERING OF FOREST PRODUCTS,3
0840,"GATHERING OF MISCELLANEOUS FOREST PRODUCTS, EXCEPT TREE SEEDS",3
0843,EXTRACTION OF PINE GUM,3
0849,"GATHERING OF FOREST PRODUCTS, NEC",3
0850,FORESTRY SERVICES,3
0851,FORESTRY SERVICES,3
0900,"FISHING, HUNTING, AND TRAPPING",3
0910,COMMERCIAL FISHING,3
0912,FINFISH,3
0913,SHELLFISH,3
0919,MISCELLANEOUS MARINE PRODUCTS,3
0920,FISH HATCHERIES AND PRESERVES,3
0921,FISH HATCHERIES AND PRESERVES,3
0970,"HUNTING AND TRAPPING, AND GAME PROPAGATION",3
0971,"HUNTING AND TRAPPING, AND GAME PROPAGATION",3
1000,METAL MINING,4
1010,IRON ORES,4
1011,IRON ORES,4
1020,COPPER ORES,4
1021,COPPER ORES,4
1030,LEAD AND ZINC ORES,4
1031,LEAD AND ZINC ORES,4
1040,GOLD AND SILVER ORES,4
1041,GOLD ORES,4
1044,SILVER ORES,4
1050,BAUXITE AND OTHER ALUMINUM ORES,4
1051,BAUXITE AND OTHER ALUMINUM ORES,4
1060,"FERROALLOY ORES, EXCEPT VANADIUM",4
1061,"FERROALLOY ORES, EXCEPT VANADIUM",4
1080,METAL MINING SERVICES,4
1081,METAL MINING SERVICES,4
1090,MISCELLANEOUS METAL ORES,4
1092,MERCURY ORES,4
1094,URANIUM-RADIUM-VANADIUM ORES,4
1099,"MISCELLANEOUS METAL ORES, NEC",4
1100,ANTHRACITE MINING,4
1110,ANTHRACITE MINING,4
1111,ANTHRACITE,4
1112,ANTHRACITE MINING SERVICES,4
1200,COAL MINING,4
1210,BITUMINOUS COAL AND LIGNITE MINING,4
1211,BITUMINOUS COAL AND LIGNITE,4
1213,BITUMINOUS COAL AND LIGNITE MINING SERVICES,4
1220,BITUMINOUS COAL AND LIGNITE MINING,4
1221,BITUMINOUS COAL AND LIGNITE SURFACE MINING,4
1222,BITUMINOUS COAL UNDERGROUND MINING,4
1230,ANTHRACITE MINING,4
1231,ANTHRACITE MINING,4
1240,COAL MINING SERVICES,4
1241,COAL MINING SERVICES,4
1300,OIL AND GAS EXTRACTION,4
1310,CRUDE PETROLEUM AND NATURAL GAS,4
1311,CRUDE PETROLEUM AND NATURAL GAS,4
1320,NATURAL GAS LIQUIDS,4
1321,NATURAL GAS LIQUIDS,4
1380,OIL AND GAS FIELD SERVICES,4
1381,DRILLING OIL AND GAS WELLS,4
1382,OIL AND GAS FIELD EXPLORATION SERVICES,4
1389,"OIL AND GAS FIELD SERVICES, NEC",4
1400,"MINING AND QUARRYING OF NONMETALLIC MINERALS, EXCEPT FUELS",4
1410,DIMENSION STONE,4
1411,DIMENSION STONE,4
1420,"CRUSHED AND BROKEN STONE, INCLUDING RIPRAP",4
1422,CRUSHED AND BROKEN LIMESTONE,4
1423,CRUSHED AND BROKEN GRANITE,4
1429,"CRUSHED AND BROKEN STONE, NEC",4
1440,SAND AND GRAVEL,4
1442,CONSTRUCTION SAND AND GRAVEL,4
1446,INDUSTRIAL SAND,4
1450,"CLAY, CERAMIC, AND REFRACTORY MINERALS",4
1452,BENTONITE,4
1453,FIRE CLAY,4
1454,FULLER'S EARTH,4
1455,KAOLIN AND BALL CLAY,4
1459,"CLAY, CERAMIC, AND REFRACTORY MINERALS, NEC",4
1470,CHEMICAL AND FERTILIZER MINERAL MINING,4
1472,BARITE,4
1473,FLUORSPAR,4
1474,"POTASH, SODA, AND BORATE MINERALS",4
1475,PHOSPHATE ROCK,4
1476,ROCK SALT,4
1477,SULFUR,4
1479,"CHEMICAL AND FERTILIZER MINERAL MINING, NEC",4
1480,"NONMETALLIC MINERALS SERVICES, EXCEPT FUELS",4
1481,"NONMETALLIC MINERALS SERVICES, EXCEPT FUELS",4
1490,"MISCELLANEOUS NONMETALLIC MINERALS, EXCEPT FUELS",4
1492,GYPSUM,4
1496,"TALC, SOAPSTONE, AND PYROPHYLLITE",4
1499,"MISCELLANEOUS NONMETALLIC MINERALS, EXCEPT FUELS",4
1500,BUILDING CONSTRUCTION - GENERAL CONTRACTORS & OPERATIVE BUILDERS,4
1520,GENERAL BUILDING CONTRACTORS - RESIDENTIAL BUILDINGS,4
1521,GENERAL CONTRACTORS - SINGLE-FAMILY HOUSES,4
1522,"GENERAL CONTRACTORS-RESIDENTIAL BLDGS, OTHER THAN SINGLE-FAMILY",4
1530,OPERATIVE BUILDERS,4
1531,OPERATIVE BUILDERS,4
1540,GENERAL BUILDING CONTRACTORS - NONRESIDENTIAL BUILDINGS,4
1541,GENERAL CONTRACTORS - INDUSTRIAL BUILDINGS AND WAREHOUSES,4
1542,"GEN CONTRACTORS-NONRES BLDGS, OTHER THAN INDL BLDGS & WAREHSES",4
1600,HEAVY CONSTRUCTION OTHER THAN BUILDING CONSTRUCTION - CONTRACTORS,4
1610,"HIGHWAY AND STREET CONSTRUCTION, EXCEPT ELEVATED HIGHWAYS",4
1611,"HIGHWAY AND STREET CONSTRUCTION, EXCEPT ELEVATED HIGHWAYS",4
1620,"HEAVY CONSTRUCTION, EXCEPT HIGHWAY AND STREET CONSTRUCTION",4
1622,"BRIDGE, TUNNEL, AND ELEVATED HIGHWAY CONSTRUCTION",4
1623,"WATER, SEWER, PIPELINE, COMMUNICATIONS AND POWER LINE CONSTRUCTION",4
1629,"HEAVY CONSTRUCTION, NEC",4
1700,CONSTRUCTION - SPECIAL TRADE CONTRACTORS,4
1710,"PLUMBING, HEATING AND AIR-CONDITIONING",4
1711,"PLUMBING, HEATING AND AIR-CONDITIONING",4
1720,PAINTING AND PAPER HANGING,4
1721,PAINTING AND PAPER HANGING,4
1730,ELECTRICAL WORK,4
1731,ELECTRICAL WORK,4
1740,"MASONRY, STONEWORK, TILE SETTING, AND PLASTERING",4
1741,"MASONRY, STONE SETTING, AND OTHER STONEWORK",4
1742,"PLASTERING, DRYWALL, ACOUSTICAL, AND INSULATION WORK",4
1743,"TERRAZZO, TILE, MARBLE, AND MOSAIC WORK",4
1750,CARPENTRY AND FLOOR WORK,4
1751,CARPENTRY WORK,4
1752,"FLOOR LAYING AND OTHER FLOORWORK, NEC",4
1760,"ROOFING, SIDING, AND SHEET METAL WORK",4
1761,"ROOFING, SIDING, AND SHEET METAL WORK",4
1770,CONCRETE WORK,4
1771,CONCRETE WORK,4
1780,WATER WELL DRILLING,4
1781,WATER WELL DRILLING,4
1790,MISCELLANEOUS SPECIAL TRADE CONTRACTORS,4
1791,STRUCTURAL STEEL ERECTION,4
1793,GLASS AND GLAZING WORK,4
1794,EXCAVATION WORK,4
1795,WRECKING AND DEMOLITION WORK,4
1796,"INSTALLATION OR ERECTION OF BUILDING EQUIPMENT, NEC",4
1799,"SPECIAL TRADE CONTRACTORS, NEC",4
2000,FOOD AND KINDRED PRODUCTS,4
2010,MEAT PRODUCTS,4
2011,MEAT PACKING PLANTS,4
2013,SAUSAGES AND OTHER PREPARED MEAT PRODUCTS,4
2015,POULTRY SLAUGHTERING AND PROCESSING,4
2016,POULTRY DRESSING PLANTS,4
2017,POULTRY AND EGG PROCESSING,4
2020,DAIRY PRODUCTS,4
2021,CREAMERY BUTTER,4
2022,"NATURAL, PROCESSED, AND IMITATION CHEESE",4
2023,"DRY, CONDENSED, AND EVAPORATED DAIRY PRODUCTS",4
2024,ICE CREAM AND FROZEN DESSERTS,4
2026,FLUID MILK,4
2030,"CANNED, FROZEN & PRESERVED FRUITS,VEGETABLES & FOOD SPECIALTIES",4
2032,CANNED SPECIALTIES,4
2033,"CANNED FRUITS, VEGETABLES, PRESERVES, JAMS, AND JELLIES",4
2034,"DRIED AND DEHYDRATED FRUITS, VEGETABLES, AND SOUP MIXES",4
2035,"PICKLED FRUITS & VEGS, VEG SAUCE & SEASONINGS, & SALAD DRESSINGS",4
2037,"FROZEN FRUITS, FRUIT JUICES AND VEGETABLES",4
2038,"FROZEN SPECIALTIES, NEC",4
2040,GRAIN MILL PRODUCTS,4
2041,FLOUR AND OTHER GRAIN MILL PRODUCTS,4
2043,CEREAL BREAKFAST FOODS,4
2044,RICE MILLING,4
2045,PREPARED FLOUR MIXES AND DOUGHS,4
2046,WET CORN MILLING,4
2047,DOG AND CAT FOOD,4
2048,"PREPARED FEEDS,FEED INGREDIENTS FOR ANIMALS & FOWLS,EX DOGS & CATS",4
2050,BAKERY PRODUCTS,4
2051,"BREAD AND OTHER BAKERY PRODUCTS, EXCEPT COOKIES AND CRACKERS",4
2052,COOKIES AND CRACKERS,4
2053,"FROZEN BAKERY PRODUCTS, EXCEPT BREAD",4
2060,SUGAR AND CONFECTIONERY PRODUCTS,4
2061,"CANE SUGAR, EXCEPT REFINING",4
2062,CANE SUGAR REFINING,4
2063,BEET SUGAR,4
2064,CANDY & OTHER CONFECTIONERY PRODUCTS,4
2065,CANDY AND OTHER CONFECTIONERY PRODUCTS,4
2066,CHOCOLATE AND COCOA PRODUCTS,4
2067,CHEWING GUM,4
2068,SALTED AND ROASTED NUTS AND SEEDS,4
2070,FATS AND OILS,4
2074,COTTONSEED OIL MILLS,4
2075,SOYBEAN OIL MILLS,4
2076,"VEGETABLE OIL MILLS, EXCEPT CORN, COTTONSEED, AND SOYBEAN",4
2077,ANIMAL AND MARINE FATS AND OILS,4
2079,"SHORTENING,TABLE OILS,MARGARINE & OTHER EDIBLE FATS & OILS,NEC",4
2080,BEVERAGES,4
2082,MALT BEVERAGES,4
2083,MALT,4
2084,"WINES, BRANDY AND BRANDY SPIRITS",4
2085,DISTILLED AND BLENDED LIQUORS,4
2086,BOTTLED AND CANNED SOFT DRINKS AND CARBONATED WATERS,4
2087,"FLAVORING EXTRACTS AND FLAVORING SYRUPS, NEC",4
2090,MISCELLANEOUS FOOD PREPARATIONS AND KINDRED PRODUCTS,4
2091,CANNED AND CURED FISH AND SEAFOODS,4
2092,PREPARED FRESH OR FROZEN FISH AND SEAFOODS,4
2095,ROASTED COFFEE,4
2096,"POTATO CHIPS, CORN CHIPS, AND SIMILAR SNACKS",4
2097,MANUFACTURED ICE,4
2098,"MACARONI, SPAGHETTI, VERMICELLI, AND NOODLES",4
2099,"FOOD PREPARATIONS, NEC",4
2100,TOBACCO PRODUCTS,4
2110,CIGARETTES,4
2111,CIGARETTES,4
2120,CIGARS,4
2121,CIGARS,4
2130,CHEWING AND SMOKING TOBACCO AND SNUFF,4
2131,CHEWING AND SMOKING TOBACCO AND SNUFF,4
2140,TOBACCO STEMMING AND REDRYING,4
2141,TOBACCO STEMMING AND REDRYING,4
2200,TEXTILE MILL PRODUCTS,4
2210,"BROADWOVEN FABRIC MILLS, COTTON",4
2211,"BROADWOVEN FABRIC MILLS, COTTON",4
2220,"BROADWOVEN FABRIC MILLS, MAN MADE FIBER AND SILK",4
2221,"BROADWOVEN FABRIC MILLS, MAN MADE FIBER AND SILK",4
2230,"BROADWOVEN FABRIC MILLS, WOOL, INCLUDING DYEING AND FINISHING",4
2231,"BROADWOVEN FABRIC MILLS, WOOL, INCLUDING DYEING AND FINISHING",4
2240,"NARROW FABRICS & OTH SMALLWARES MILLS: COTTON,WOOL,SILK,MAN MADE FIBER",4
2241,"NARROW FABRICS & OTH SMALLWARES MILLS: COTTON,WOOL,SILK,MAN MADE FIBER",4
2250,KNITTING MILLS,4
2251,"WOMEN'S FULL LENGTH AND KNEE LENGTH HOSIERY, EXCEPT SOCKS",4
2252,"HOSIERY, NEC",4
2253,KNIT OUTERWEAR MILLS,4
2254,KNIT UNDERWEAR AND NIGHTWEAR MILLS,4
2257,WEFT KNIT FABRIC MILLS,4
2258,LACE AND WARP KNIT FABRIC MILLS,4
2259,"KNITTING MILLS, NEC",4
2260,"DYEING AND FINISHING TEXTILES, EXCEPT WOOL FABRICS & KNIT GOODS",4
2261,FINISHERS OF BROADWOVEN FABRICS OF COTTON,4
2262,FINISHERS OF BROADWOVEN FABRICS OF MAN MADE FIBER AND SILK,4
2269,"FINISHERS OF TEXTILES, NEC",4
2270,CARPETS AND RUGS,4
2271,WOVEN CARPETS AND RUGS,4
2272,TUFTED CARPETS AND RUGS,4
2273,CARPETS AND RUGS,4
2279,"CARPETS AND RUGS, NEC",4
2280,YARN AND THREAD MILLS,4
2281,YARN SPINNING MILLS,4
2282,"YARN TEXTURIZING, THROWING, TWISTING, AND WINDING MILLS",4
2283,"YARN MILLS, WOOL, INCLUDING CARPET AND RUG YARN",4
2284,THREAD MILLS,4
2290,MISCELLANEOUS TEXTILE GOODS,4
2291,"FELT GOODS, EXCEPT WOVEN FELTS AND HATS",4
2292,LACE GOODS,4
2293,PADDINGS AND UPHOLSTERY FILLING,4
2294,PROCESSED WASTE AND RECOVERED FIBERS AND FLOCK,4
2295,"COATED FABRICS, NOT RUBBERIZED",4
2296,TIRE CORD AND FABRIC,4
2297,NONWOVEN FABRICS,4
2298,CORDAGE AND TWINE,4
2299,"TEXTILE GOODS, NEC",4
2300,APPAREL & OTHER FINISHED PRODS MADE FROM FABRICS & SIMILAR MATLS,4
2310,"MEN'S AND BOYS' SUITS, COATS, AND OVERCOATS",4
2311,"MEN'S AND BOYS' SUITS, COATS, AND OVERCOATS",4
2320,"MEN'S AND BOYS' FURNISHINGS, WORK CLOTHING, AND ALLIED GARMENTS",4
2321,"MEN'S AND BOYS' SHIRTS, EXCEPT WORK SHIRTS",4
2322,MEN'S AND BOYS' UNDERWEAR AND NIGHTWEAR,4
2323,MEN'S AND BOYS' NECKWEAR,4
2325,MEN'S AND BOYS' SEPARATE TROUSERS AND SLACKS,4
2326,MEN'S AND BOYS' WORK CLOTHING,4
2327,"MEN'S, YOUTHS', AND BOYS' SEPARATE TROUSERS",4
2328,"MEN'S, YOUTHS', AND BOYS' WORK CLOTHING",4
2329,"MEN'S AND BOYS' CLOTHING, NEC",4
2330,"WOMEN'S, MISSES', AND JUNIORS' OUTERWEAR",4
2331,"WOMEN'S, MISSES', AND JUNIORS' BLOUSES AND SHIRTS",4
2335,"WOMEN'S, MISSES', AND JUNIORS' DRESSES",4
2337,"WOMEN'S, MISSES', AND JUNIORS' SUITS, SKIRTS, AND COATS",4
2339,"WOMEN'S, MISSES', AND JUNIORS' OUTERWEAR, NEC",4
2340,"WOMEN'S, MISSES', CHILDREN'S AND INFANTS' UNDERGARMENTS",4
2341,"WOMEN'S, MISSES', CHILDREN'S AND INFANTS' UNDERWEAR & NIGHTWARE",4
2342,"BRASSIERES, GIRDLES, AND ALLIED GARMENTS",4
2350,"HATS, CAPS, AND MILLINERY",4
2351,MILLINERY,4
2352,"HATS AND CAPS, EXCEPT MILLINERY",4
2353,"HATS, CAPS, AND MILLINERY",4
2360,"GIRLS', CHILDREN'S, AND INFANTS' OUTERWEAR",4
2361,"GIRLS', CHILDREN'S, AND INFANTS' DRESSES, BLOUSES AND SHIRTS",4
2363,"GIRLS', CHILDREN'S, AND INFANTS' COATS AND SUITS",4
2369,"GIRLS', CHILDREN'S, AND INFANTS' OUTERWEAR, NEC",4
2370,FUR GOODS,4
2371,FUR GOODS,4
2380,MISCELLANEOUS APPAREL AND ACCESSORIES,4
2381,"DRESS AND WORK GLOVES, EXCEPT KNIT AND ALL-LEATHER",4
2384,ROBES AND DRESSING GOWNS,4
2385,WATERPROOF OUTERWEAR,4
2386,LEATHER AND SHEEP-LINED CLOTHING,4
2387,APPAREL BELTS,4
2389,"APPAREL & ACCESSORIES, NEC",4
2390,MISCELLANEOUS FABRICATED TEXTILE PRODUCTS,4
2391,CURTAINS AND DRAPERIES,4
2392,"HOUSEFURNISHINGS, EXCEPT CURTAINS AND DRAPERIES",4
2393,TEXTILE BAGS,4
2394,CANVAS AND RELATED PRODUCTS,4
2395,"PLEATING, DECORATIVE & NOVELTY STITCHING, & TUCKING FOR THE TRADE",4
2396,"AUTOMOTIVE TRIMMING, APPAREL FINDINGS, AND RELATED PRODUCTS",4
2397,SCHIFFLI MACHINE EMBROIDERIES,4
2399,"FABRICATED TEXTILE PRODUCTS, NEC",4
2400,"LUMBER AND WOOD PRODUCTS, EXCEPT FURNITURE",4
2410,LOGGING,4
2411,LOGGING,4
2420,SAWMILLS AND PLANING MILLS,4
2421,"SAWMILLS AND PLANING MILLS, GENERAL",4
2426,HARDWOOD DIMENSION AND FLOORING MILLS,4
2429,"SPECIAL PRODUCT SAWMILLS, NEC",4
2430,"MILLWORK, VENEER, PLYWOOD, AND STRUCTURAL WOOD MEMBERS",4
2431,MILLWORK,4
2434,WOOD KITCHEN CABINETS,4
2435,HARDWOOD VENEER AND PLYWOOD,4
2436,SOFTWOOD VENEER AND PLYWOOD,4
2439,"STRUCTURAL WOOD MEMBERS, NEC",4
2440,WOOD CONTAINERS,4
2441,NAILED AND LOCK CORNER WOOD BOXES AND SHOOK,4
2448,WOOD PALLETS AND SKIDS,4
2449,"WOOD CONTAINERS, NEC",4
2450,WOOD BUILDINGS AND MOBILE HOMES,4
2451,MOBILE HOMES,4
2452,PREFABRICATED WOOD BUILDINGS AND COMPONENTS,4
2490,MISCELLANEOUS WOOD PRODUCTS,4
2491,WOOD PRESERVING,4
2492,PARTICLEBOARD,4
2493,RECONSTITUTED WOOD PRODUCTS,4
2499,"WOOD PRODUCTS, NEC",4
2500,FURNITURE AND FIXTURES,4
2510,HOUSEHOLD FURNITURE,4
2511,"WOOD HOUSEHOLD FURNITURE, EXCEPT UPHOLSTERED",4
2512,"WOOD HOUSEHOLD FURNITURE, UPHOLSTERED",4
2514,METAL HOUSEHOLD FURNITURE,4
2515,"MATTRESSES, FOUNDATIONS, AND CONVERTIBLE BEDS",4
2517,"WOOD TELEVISION, RADIO, PHONOGRAPH, AND SEWING MACHINE CABINETS",4
2519,"HOUSEHOLD FURNITURE, NEC",4
2520,OFFICE FURNITURE,4
2521,WOOD OFFICE FURNITURE,4
2522,"OFFICE FURNITURE, EXCEPT WOOD",4
2530,PUBLIC BUILDING AND RELATED FURNITURE,4
2531,PUBLIC BUILDING AND RELATED FURNITURE,4
2540,"PARTITIONS, SHELVING, LOCKERS, AND OFFICE AND STORE FIXTURES",4
2541,"WOOD OFFICE AND STORE FIXTURES, PARTITIONS, SHELVING,AND LOCKERS",4
2542,"OFFICE AND STORE FIXTURES, PARTITIONS, SHELVING, & LOCKERS,EX WOOD",4
2590,MISCELLANEOUS FURNITURE AND FIXTURES,4
2591,DRAPERY HARDWARE AND WINDOW BLINDS AND SHADES,4
2599,"FURNITURE AND FIXTURES, NEC",4
2600,PAPER AND ALLIED PRODUCTS,4
2610,PULP MILLS,4
2611,PULP MILLS,4
2620,PAPER MILLS,4
2621,PAPER MILLS,4
2630,PAPERBOARD MILLS,4
2631,PAPERBOARD MILLS,4
2640,"CONVERTED AND PAPERBOARD PRODUCTS, EXCEPT CONTAINERS AND BOXES",4
2641,PAPER COATING AND GLAZING,4
2642,ENVELOPES,4
2643,"BAGS, EXCEPT TEXTILE BAGS",4
2645,DIE-CUT PAPER AND PAPERBOARD AND CARDBOARD,4
2646,PRESSED AND MOLDED PULP GOODS,4
2647,SANITARY PAPER PRODUCTS,4
2648,"STATIONERY, TABLETS AND RELATED PRODUCTS",4
2649,"CONVERTED PAPER AND PAPERBOARD PRODUCTS, NEC",4
2650,PAPERBOARD CONTAINERS AND BOXES,4
2651,FOLDING PAPERBOARD BOXES,4
2652,SETUP PAPERBOARD BOXES,4
2653,CORRUGATED AND SOLID FIBER BOXES,4
2654,SANITARY FOOD CONTAINERS,4
2655,"FIBER CANS, TUBES, DRUMS, AND SIMILAR PRODUCTS",4
2656,"SANITARY FOOD CONTAINERS, EXCEPT FOLDING",4
2657,"FOLDING PAPERBOARD BOXES, INCLUDING SANITARY",4
2660,BUILDING PAPER AND BUILDING BOARD MILLS,4
2661,BUILDING PAPER AND BUILDING BOARD MILLS,4
2670,"CONVERTED PAPER & PAPERBOARD PRODUCTS, EXCEPT CONTAINERS & BOXES",4
2671,"PACKAGING PAPER AND PLASTICS FILM, COATED AND LAMINATED",4
2672,"COATED AND LAMINATED PAPER, NEC",4
2673,"PLASTICS, FOIL, AND COATED PAPER BAGS",4
2674,UNCOATED PAPER AND MULTIWALL BAGS,4
2675,DIE-CUT PAPER AND PAPERBOARD AND CARDBOARD,4
2676,SANITARY PAPER PRODUCTS,4
2677,ENVELOPES,4
2678,"STATIONERY, TABLETS, AND RELATED PRODUCTS",4
2679,"CONVERTED PAPER AND PAPERBOARD PRODUCTS, NEC",4
2700,"PRINTING, PUBLISHING, AND ALLIED INDUSTRIES",4
2710,"NEWSPAPERS: PUBLISHING, OR PUBLISHING AND PRINTING",4
2711,"NEWSPAPERS: PUBLISHING, OR PUBLISHING AND PRINTING",4
2720,"PERIODICALS: PUBLISHING, OR PUBLISHING AND PRINTING",4
2721,"PERIODICALS: PUBLISHING, OR PUBLISHING AND PRINTING",4
2730,BOOKS,4
2731,"BOOKS: PUBLISHING, OR PUBLISHING AND PRINTING",4
2732,BOOK PRINTING,4
2740,MISCELLANEOUS PUBLISHING,4
2741,MISCELLANEOUS PUBLISHING,4
2750,COMMERCIAL PRINTING,4
2751,"COMMERCIAL PRINTING, LETTERPRESS AND SCREEN",4
2752,"COMMERCIAL PRINTING, LITHOGRAPHIC",4
2753,ENGRAVING AND PLATE PRINTING,4
2754,"COMMERCIAL PRINTING, GRAVURE",4
2759,"COMMERCIAL PRINTING, NEC",4
2760,MANIFOLD BUSINESS FORMS,4
2761,MANIFOLD BUSINESS FORMS,4
2770,GREETING CARDS,4
2771,GREETING CARDS,4
2780,"BLANKBOOKS, LOOSELEAF BINDERS, AND BOOKBINDING AND RELATED WORK",4
2782,"BLANKBOOKS, LOOSELEAF BINDERS AND DEVICES",4
2789,BOOKBINDING AND RELATED WORK,4
2790,SERVICE INDUSTRIES FOR THE PRINTING TRADE,4
2791,TYPESETTING,4
2793,PHOTOENGRAVING,4
2794,ELECTROTYPING AND STEREOTYPING,4
2795,LITHOGRAPHIC PLATEMAKING AND RELATED SERVICES,4
2796,PLATEMAKING AND RELATED SERVICES,4
2800,CHEMICALS AND ALLIED PRODUCTS,4
2810,INDUSTRIAL INORGANIC CHEMICALS,4
2812,ALKALIES AND CHLORINE,4
2813,INDUSTRIAL GASES,4
2816,INORGANIC PIGMENTS,4
2819,"INDUSTRIAL INORGANIC CHEMICALS, NEC",4
2820,"PLASTIC MATL,SYNTH RESIN,SYNTH RUBBR,CELLULOS,OTH MNMD FIBRS,EX GLASS",4
2821,"PLASTIC MATERIALS,SYNTHETIC RESINS, AND NONVULCANIZABLE ELASTOMERS",4
2822,SYNTHETIC RUBBER (VULCANIZABLE ELASTOMERS),4
2823,CELLULOSIC MAN-MADE FIBERS,4
2824,"MANMADE ORGANIC FIBERS, EXCEPT CELLULOSIC",4
2830,DRUGS,4
2831,BIOLOGICAL PRODUCTS,4
2833,MEDICINAL CHEMICALS AND BOTANICAL PRODUCTS,4
2834,PHARMACEUTICAL PREPARATIONS,4
2835,IN VITRO AND IN VIVO DIAGNOSTIC SUBSTANCES,4
2836,"BIOLOGICAL PRODUCTS, EXCEPT DIAGNOSTIC SUBSTANCES",4
2840,"SOAP,DETERGENTS,CLEANING PREPS,PERFUMES,COSMETICS & OTH TOILET PREPS",4
2841,"SOAP AND OTHER DETERGENTS, EXCEPT SPECIALTY CLEANERS",4
2842,"SPECIALTY CLEANING, POLISHING, AND SANITATION PREPARATIONS",4
2843,"SURFACE ACTIVE AGENTS, FINISHING AGENTS, SULFONATED OILS AND ASSISTANTS",4
2844,"PERFUMES, COSMETICS, AND OTHER TOILET PREPARATIONS",4
2850,"PAINTS, VARNISHES, LACQUERS, ENAMELS, AND ALLIED PRODUCTS",4
2851,"PAINTS, VARNISHES, LACQUERS, ENAMELS, AND ALLIED PRODUCTS",4
2860,INDUSTRIAL ORGANIC CHEMICALS,4
2861,GUM AND WOOD CHEMICALS,4
2865,"CYCLIC ORGANIC CRUDES & INTERMEDIATES,& ORGANIC DYES & PIGMENTS",4
2869,"INDUSTRIAL ORGANIC CHEMICALS, NEC",4
2870,AGRICULTURAL CHEMICALS,4
2873,NITROGENOUS FERTILIZERS,4
2874,PHOSPHATIC FERTILIZERS,4
2875,"FERTILIZERS, MIXING ONLY",4
2879,"PESTICIDES AND AGRICULTURAL CHEMICALS, NEC",4
2890,MISCELLANEOUS CHEMICAL PRODUCTS,4
2891,ADHESIVES AND SEALANTS,4
2892,EXPLOSIVES,4
2893,PRINTING INK,4
2895,CARBON BLACK,4
2899,"CHEMICALS AND CHEMICAL PREPARATIONS, NEC",4
2900,PETROLEUM REFINING AND RELATED INDUSTRIES,4
2910,PETROLEUM REFINING,4
2911,PETROLEUM REFINING,4
2950,ASPHALT PAVING AND ROOFING MATERIALS,4
2951,ASPHALT PAVING MIXTURES AND BLOCKS,4
2952,ASPHALT FELTS AND COATINGS,4
2990,MISCELLANEOUS PRODUCTS OF PETROLEUM AND COAL,4
2992,LUBRICATING OILS AND GREASES,4
2999,"PRODUCTS OF PETROLEUM AND COAL, NEC",4
3000,RUBBER AND MISCELLANEOUS PLASTICS PRODUCTS,4
3010,TIRES AND INNER TUBES,4
3011,TIRES AND INNER TUBES,4
3020,RUBBER AND PLASTICS FOOTWEAR,4
3021,RUBBER AND PLASTICS FOOTWEAR,4
3030,RECLAIMED RUBBER,4
3031,RECLAIMED RUBBER,4
3040,RUBBER AND PLASTICS HOSE AND BELTING,4
3041,RUBBER AND PLASTICS HOSE AND BELTING,4
3050,"GASKETS, PACKING & SEALING DEVICES & RUBBER & PLASTICS HOSE & BELTING",4
3052,RUBBER AND PLASTICS HOSE AND BELTING,4
3053,"GASKETS, PACKING, AND SEALING DEVICES",4
3060,"FABRICATED RUBBER PRODUCTS, NEC",4
3061,"MOLDED, EXTRUDED, AND LATHE-CUT MECHANICAL RUBBER GOODS",4
3069,"FABRICATED RUBBER PRODUCTS, NEC",4
3070,MISCELLANEOUS PLASTICS PRODUCTS,4
3079,MISCELLANEOUS PLASTICS PRODUCTS,4
3080,MISCELLANEOUS PLASTICS PRODUCTS,4
3081,UNSUPPORTED PLASTICS FILM AND SHEET,4
3082,UNSUPPORTED PLASTICS PROFILE SHAPES,4
3083,"LAMINATED PLASTICS PLATE, SHEET, AND PROFILE SHAPES",4
3084,PLASTICS PIPE,4
3085,PLASTICS BOTTLES,4
3086,PLASTICS FOAM PRODUCTS,4
3087,CUSTOM COMPOUNDING OF PURCHASED PLASTICS RESINS,4
3088,PLASTICS PLUMBING FIXTURES,4
3089,"PLASTICS PRODUCTS, NEC",4
3100,LEATHER AND LEATHER PRODUCTS,4
3110,LEATHER TANNING AND FINISHING,4
3111,LEATHER TANNING AND FINISHING,4
3130,BOOT AND SHOE CUT STOCK AND FINDINGS,4
3131,BOOT AND SHOE CUT STOCK AND FINDINGS,4
3140,"FOOTWEAR, EXCEPT RUBBER",4
3142,HOUSE SLIPPERS,4
3143,"MEN'S FOOTWEAR, EXCEPT ATHLETIC",4
3144,"WOMEN'S FOOTWEAR, EXCEPT ATHLETIC",4
3149,"FOOTWEAR, EXCEPT RUBBER, NEC",4
3150,LEATHER GLOVES AND MITTENS,4
3151,LEATHER GLOVES AND MITTENS,4
3160,LUGGAGE,4
3161,LUGGAGE,4
3170,HANDBAGS AND OTHER PERSONAL LEATHER GOODS,4
3171,WOMEN'S HANDBAGS AND PURSES,4
3172,"PERSONAL LEATHER GOODS, EXCEPT WOMEN'S HANDBAGS AND PURSES",4
3190,"LEATHER GOODS, NEC",4
3199,"LEATHER GOODS, NEC",4
3200,"STONE, CLAY, GLASS, AND CONCRETE PRODUCTS",4
3210,FLAT GLASS,4
3211,FLAT GLASS,4
3220,"GLASS AND GLASSWARE, PRESSED OR BLOWN",4
3221,GLASS CONTAINERS,4
3229,"PRESSED AND BLOWN GLASS AND GLASSWARE, NEC",4
3230,"GLASS PRODUCTS, MADE OF PURCHASED GLASS",4
3231,"GLASS PRODUCTS, MADE OF PURCHASED GLASS",4
3240,"CEMENT, HYDRAULIC",4
3241,"CEMENT, HYDRAULIC",4
3250,STRUCTURAL CLAY PRODUCTS,4
3251,BRICK AND STRUCTURAL CLAY TILE,4
3253,CERAMIC WALL AND FLOOR TILE,4
3255,CLAY REFRACTORIES,4
3259,"STRUCTURAL CLAY PRODUCTS, NEC",4
3260,POTTERY AND RELATED PRODUCTS,4
3261,"VITREOUS CHINA PLUMB FIXTURE,CHINA,EARTHENWARE FITTINGS,BATHROOM ACCESS",4
3262,VITREOUS CHINA TABLE AND KITCHEN ARTICLES,4
3263,FINE EARTHENWARE (WHITEWARE) TABLE AND KITCHEN ARTICLES,4
3264,PORCELAIN ELECTRICAL SUPPLIES,4
3269,"POTTERY PRODUCTS, NEC",4
3270,"CONCRETE, GYPSUM, AND PLASTER PRODUCTS",4
3271,CONCRETE BLOCK AND BRICK,4
3272,"CONCRETE PRODUCTS, EXCEPT BLOCK AND BRICK",4
3273,READY-MIXED CONCRETE,4
3274,LIME,4
3275,GYPSUM PRODUCTS,4
3280,CUT STONE AND STONE PRODUCTS,4
3281,CUT STONE AND STONE PRODUCTS,4
3290,"ABRASIVE, ASBESTOS, & MISCELLANEOUS NONMETALLIC MINERAL PRODUCTS",4
3291,ABRASIVE PRODUCTS,4
3292,ASBESTOS PRODUCTS,4
3293,"GASKETS, PACKING, AND SEALING DEVICES",4
3295,"MINERALS AND EARTHS, GROUND OR OTHERWISE TREATED",4
3296,MINERAL WOOL,4
3297,NONCLAY REFRACTORIES,4
3299,"NONMETALLIC MINERAL PRODUCTS, NEC",4
3300,PRIMARY METAL INDUSTRIES,4
3310,"STEEL WORKS, BLAST FURNACES, AND ROLLING AND FINISHING MILLS",4
3312,"STEEL WORKS, BLAST FURNACES (INCLUDING COKE OVENS), & ROLLING MILLS",4
3313,"ELECTROMETALLURGICAL PRODUCTS, EXCEPT STEEL",4
3315,STEEL WIREDRAWING AND STEEL NAILS AND SPIKES,4
3316,"COLD-ROLLED STEEL SHEET, STRIP, AND BARS",4
3317,STEEL PIPE AND TUBES,4
3320,IRON AND STEEL FOUNDRIES,4
3321,GRAY AND DUCTILE IRON FOUNDRIES,4
3322,MALLEABLE IRON FOUNDRIES,4
3324,STEEL INVESTMENT FOUNDRIES,4
3325,"STEEL FOUNDRIES, NEC",4
3330,PRIMARY SMELTING AND REFINING OF NONFERROUS METALS,4
3331,PRIMARY SMELTING AND REFINING OF COPPER,4
3332,PRIMARY SMELTING AND REFINING OF LEAD,4
3333,PRIMARY SMELTING AND REFINING OF ZINC,4
3334,PRIMARY PRODUCTION OF ALUMINUM,4
3339,"PRIMARY SMELT & REFINING OF NONFERROUS METALS, EX COPPER & ALUMINUM",4
3340,SECONDARY SMELTING AND REFINING OF NONFERROUS METALS,4
3341,SECONDARY SMELTING AND REFINING OF NONFERROUS METALS,4
3350,ROLLING DRAWING AND EXTRUDING OF NONFERROUS METALS,4
3351,ROLLING DRAWING AND EXTRUDING OF COPPER,4
3353,"ALUMINUM SHEET, PLATE, AND FOIL",4
3354,ALUMINUM EXTRUDED PRODUCTS,4
3355,"ALUMINUM ROLLING AND DRAWING, NEC",4
3356,"ROLLING,DRAWING,EXTRUDING OF NONFERROUS METALS,EXCEPT COPPER,ALUMINUM",4
3357,DRAWING AND INSULATING OF NONFERROUS WIRE,4
3360,NONFERROUS FOUNDRIES (CASTINGS),4
3361,ALUMINUM FOUNDRIES (CASTINGS),4
3362,"BRASS, BRONZE, COPPER, COPPER BASE ALLOY FOUNDRIES (CASTINGS)",4
3363,ALUMINUM DIE-CASTINGS,4
3364,"NONFERROUS DIE-CASTINGS,EXCEPT ALUMINUM",4
3365,ALUMINUM FOUNDRIES,4
3366,COPPER FOUNDRIES,4
3369,"NONFERROUS FOUNDRIES, EXCEPT ALUMINUM AND COPPER",4
3390,MISCELLANEOUS PRIMARY METAL PRODUCTS,4
3398,METAL HEAT TREATING,4
3399,"PRIMARY METAL PRODUCTS, NEC",4
3400,"FABRICATED METAL PRODUCTS, EXCEPT MACHINERY & TRANSPORTATION EQUIPMENT",4
3410,METAL CANS AND SHIPPING CONTAINERS,4
3411,METAL CANS,4
3412,"METAL SHIPPING BARRELS, DRUMS, KEGS, AND PAILS",4
3420,"CUTLERY, HANDTOOLS, AND GENERAL HARDWARE",4
3421,CUTLERY,4
3423,"HAND AND EDGE TOOLS, EXCEPT MACHINE AND HANDSAWS",4
3425,SAW BLADES AND HANDSAWS,4
3429,"HARDWARE, NEC",4
3430,"HEATING EQUIPMENT,EX ELECTRIC & WARM AIR; & PLUMBING FIXTURES",4
3431,ENAMELED IRON AND METAL SANITARY WARE,4
3432,PLUMBING FIXTURE FITTINGS & TRIM,4
3433,"HEATING EQUIPMENT, EXCEPT ELECTRIC AND WARM AIR FURNACES",4
3437,SOLAR ENERGY EQUIPMENT AND COMPONENTS,4
3440,FABRICATED STRUCTURAL METAL PRODUCTS,4
3441,FABRICATED STRUCTURAL METAL,4
3442,"METAL DOORS, SASH, FRAMES, MOLDINGS, AND TRIM",4
3443,FABRICATED PLATE WORK (BOILER SHOPS),4
3444,SHEET METAL WORK,4
3446,ARCHITECTURAL AND ORNAMENTAL METAL WORK,4
3448,PREFABRICATED METAL BUILDINGS AND COMPONENTS,4
3449,MISCELLANEOUS STRUCTURAL METAL WORK,4
3450,"SCREW MACHINE PRODUCTS, & BOLTS, NUTS, SCREWS, RIVETS & WASHERS",4
3451,SCREW MACHINE PRODUCTS,4
3452,"BOLTS, NUTS, SCREWS, RIVETS, AND WASHERS",4
3460,METAL FORGINGS AND STAMPINGS,4
3462,IRON AND STEEL FORGINGS,4
3463,NONFERROUS FORGINGS,4
3465,AUTOMOTIVE STAMPINGS,4
3466,CROWNS AND CLOSURES,4
3469,"METAL STAMPINGS, NEC",4
3470,"COATING, ENGRAVING, AND ALLIED SERVICES",4
3471,"ELECTROPLATING, PLATING, POLISHING, ANODIZING AND COLORING",4
3479,"COATING, ENGRAVING, AND ALLIED SERVICES, NEC",4
3480,"ORDNANCE AND ACCESSORIES, EXCEPT VEHICLES AND GUIDED MISSILES",4
3482,SMALL ARMS AMMUNITION,4
3483,"AMMUNITION, EXCEPT FOR SMALL ARMS",4
3484,SMALL ARMS,4
3489,"ORDNANCE AND ACCESSORIES, NEC",4
3490,MISCELLANEOUS FABRICATED METAL PRODUCTS,4
3491,INDUSTRIAL VALVES,4
3492,FLUID POWER VALVES AND HOSE FITTINGS,4
3493,"STEEL SPRINGS, EXCEPT WIRE",4
3494,"VALVES AND PIPE FITTINGS,NEC",4
3495,WIRE SPRINGS,4
3496,MISCELLANEOUS FABRICATED WIRE PRODUCTS,4
3497,METAL FOIL AND LEAF,4
3498,FABRICATED PIPE AND PIPE FITTINGS,4
3499,"FABRICATED METAL PRODUCTS, NEC",4
3500,INDUSTRIAL AND COMMERCIAL MACHINERY AND COMPUTER EQUIPMENT,4
3510,ENGINES AND TURBINES,4
3511,"STEAM, GAS, AND HYDRAULIC TURBINES & TURBINE GENERATOR SET UNITS",4
3519,"INTERNAL COMBUSTION ENGINES, NEC",4
3520,FARM AND GARDEN MACHINERY AND EQUIPMENT,4
3523,FARM MACHINERY AND EQUIPMENT,4
3524,LAWN AND GARDEN TRACTORS AND HOME LAWN AND GARDEN EQUIPMENT,4
3530,"CONSTRUCTION, MINING, & MATERIALS HANDLING MACHINERY & EQUIPMENT",4
3531,CONSTRUCTION MACHINERY AND EQUIPMENT,4
3532,"MINING MACHINERY & EQUIPMENT, EXCEPT OIL & GAS FIELD MACHY & EQUIPMENT",4
3533,OIL AND GAS FIELD MACHINERY AND EQUIPMENT,4
3534,ELEVATORS AND MOVING STAIRWAYS,4
3535,CONVEYORS AND CONVEYING EQUIPMENT,4
3536,"OVERHEAD TRAVELING CRANES, HOISTS, AND MONORAIL SYSTEMS",4
3537,"INDUSTRIAL TRUCKS, TRACTORS, TRAILORS, AND STACKERS",4
3540,METALWORKING MACHINERY AND EQUIPMENT,4
3541,"MACHINE TOOLS, METAL CUTTING TYPES",4
3542,"MACHINE TOOLS, METAL FORMING TYPES",4
3543,INDUSTRIAL PATTERNS,4
3544,"SPECIAL DIES & TOOLS, DIE SETS, JIGS & FIXTURES, & INDL MOLDS",4
3545,"CUTTING TOOLS, MACH TOOL ACCESSORIES, MACHINISTS PREC MEAS DEVICES",4
3546,POWER-DRIVEN HANDTOOLS,4
3547,ROLLING MILL MACHINERY AND EQUIPMENT,4
3548,ELECTRIC AND GAS WELDING AND SOLDERING EQUIPMENT,4
3549,"METALWORKING MACHINERY, NEC",4
3550,"SPECIAL INDUSTRY MACHINERY, EXCEPT METALWORKING MACHINERY",4
3551,FOOD PRODUCTS MACHINERY,4
3552,TEXTILE MACHINERY,4
3553,WOODWORKING MACHINERY,4
3554,PAPER INDUSTRIES MACHINERY,4
3555,PRINTING TRADES MACHINERY AND EQUIPMENT,4
3556,FOOD PRODUCTS MACHINERY,4
3558,POLLUTION CONTROL MACHINERY,4
3559,"SPECIAL INDUSTRY MACHINERY, NEC",4
3560,GENERAL INDUSTRIAL MACHINERY AND EQUIPMENT,4
3561,PUMPS AND PUMPING EQUIPMENT,4
3562,BALL AND ROLLER BEARINGS,4
3563,AIR AND GAS COMPRESSORS,4
3564,INDUSTRIAL & COMMERCIAL FANS & BLOWERS & AIR PURIFICATION EQUIP,4
3565,PACKAGING MACHINERY,4
3566,"SPEED CHANGERS, INDUSTRIAL HIGH-SPEED DRIVES, AND GEARS",4
3567,INDUSTRIAL PROCESS FURNACES AND OVENS,4
3568,"MECHANICAL POWER TRANSMISSION EQUIPMENT, NEC",4
3569,"GENERAL INDUSTRIAL MACHINERY AND EQUIPMENT, NEC",4
3570,COMPUTER AND OFFICE EQUIPMENT,4
3571,ELECTRONIC COMPUTERS,4
3572,COMPUTER STORAGE DEVICES,4
3573,ELECTRONIC COMPUTING EQUIPMENT (REGISTER ONLINE ONLY),4
3574,"CALCULATING & ACCOUNTING MACHINES, EXCEPT ELECTR COMPUTING EQUIP",4
3575,COMPUTER TERMINALS,4
3576,COMPUTER COMMUNICATIONS EQUIPMENT,4
3577,"COMPUTER PERIPHERAL EQUIPMENT, NEC",4
3578,"CALCULATING AND ACCOUNTING MACHINES, EXCEPT ELECTRONIC COMPUTERS",4
3579,"OFFICE MACHINES, NEC",4
3580,REFRIGERATION AND SERVICE INDUSTRY MACHINERY,4
3581,AUTOMATIC VENDING MACHINES,4
3582,"COMMERCIAL LAUNDRY, DRYCLEANING AND PRESSING MACHINES",4
3585,AIR-COND & WARM AIR HEATING EQUIP & COMMERCIAL & INDL REFRIG EQ,4
3586,MEASURING AND DISPENSING PUMPS,4
3589,"SERVICE INDUSTRY MACHINERY, NEC",4
3590,MISCELLANEOUS INDUSTRIAL AND COMMERCIAL MACHINERY & EQUIPMENT,4
3592,"CARBURETORS, PISTONS, PISTON RINGS, AND VALVES",4
3593,FLUID POWER CYLINDERS AND ACTUATORS,4
3594,FLUID POWER PUMPS AND MOTORS,4
3596,"SCALES AND BALANCES, EXCEPT LABORATORY",4
3599,"INDUSTRIAL AND COMMERCIAL MACHINERY AND EQUIPMENT, NEC",4
3600,"ELECTRONIC & OTHER ELECTRICAL EQUIPMENT & COMPONENTS, EX CMP EQUIP",4
3610,ELECTRIC TRANSMISSION AND DISTRIBUTION EQUIPMENT,4
3612,"POWER, DISTRIBUTION, AND SPECIALTY TRANSFORMERS",4
3613,SWITCHGEAR AND SWITCHBOARD APPARATUS,4
3620,ELECTRICAL INDUSTRIAL APPARATUS,4
3621,MOTORS AND GENERATORS,4
3622,INDUSTRIAL CONTROLS,4
3623,"WELDING APPARATUS, ELECTRIC",4
3624,CARBON AND GRAPHITE PRODUCTS,4
3625,RELAYS AND INDUSTRIAL CONTROLS,4
3629,"ELECTRICAL INDUSTRIAL APPARATUS, NEC",4
3630,HOUSEHOLD APPLIANCES,4
3631,HOUSEHOLD COOKING EQUIPMENT,4
3632,HOUSEHOLD REFRIGERATORS AND HOME AND FARM FREEZERS,4
3633,HOUSEHOLD LAUNDRY EQUIPMENT,4
3634,ELECTRIC HOUSEWARES AND FANS,4
3635,HOUSEHOLD VACUUM CLEANERS,4
3636,SEWING MACHINES,4
3639,"HOUSEHOLD APPLIANCES, NEC",4
3640,ELECTRIC LIGHTING AND WIRING EQUIPMENT,4
3641,ELECTRIC LAMP BULBS AND TUBES,4
3643,CURRENT-CARRYING WIRING DEVICES,4
3644,NONCURRENT-CARRYING WIRING DEVICES,4
3645,RESIDENTIAL ELECTRIC LIGHTING FIXTURES,4
3646,"COMMERCIAL, INDUSTRIAL, & INSTITUTIONAL ELECTRIC LIGHTING FIXTURES",4
3647,VEHICULAR LIGHTING EQUIPMENT,4
3648,"LIGHTING EQUIPMENT, NEC",4
3650,"HOUSEHOLD AUDIO AND VIDEO EQUIPMENT, AND AUDIO RECORDINGS",4
3651,HOUSEHOLD AUDIO AND VIDEO EQUIPMENT,4
3652,PHONOGRAPH RECORDS AND PRERECORDED AUDIO TAPES AND DISKS,4
3660,COMMUNICATION EQUIPMENT,4
3661,TELEPHONE AND TELEGRAPH APPARATUS,4
3662,RADIO-TV TRANSMITTING EQUIP & APPARATUS (REGISTER ONLINE ONLY),4
3663,RADIO AND TELEVISION BROADCASTING AND COMMUNICATIONS EQUIPMENT,4
3664,"SEARCH, DETECTION, NAVIGATION & GUIDANCE SYSTEMS & EQUIPMENT",4
3665,TRAINING EQUIPMENT & SIMULATORS,4
3666,ALARMS & SIGNALING PRODUCTS,4
3669,"COMMUNICATIONS EQUIPMENT, NEC",4
3670,ELECTRONIC COMPONENTS AND ACCESSORIES,4
3671,ELECTRON TUBES,4
3672,PRINTED CIRCUIT BOARDS,4
3673,"TRANSMITTING, INDUSTRIAL, AND SPECIAL PURPOSE ELECTRON TUBES",4
3674,SEMICONDUCTORS AND RELATED DEVICES,4
3675,ELECTRONIC CAPACITORS,4
3676,ELECTRONIC RESISTORS,4
3677,"ELECTRONIC COILS, TRANSFORMERS AND OTHER INDUCTORS",4
3678,ELECTRONIC CONNECTORS,4
3679,"ELECTRONIC COMPONENTS, NEC",4
3680,ELECTRONIC COMPUTING EQUIPMENT,4
3681,COMPUTERS-MINI & MICRO,4
3682,COMPUTERS-MAINFRAME,4
3683,COMPUTER TERMINALS,4
3684,COMPUTER DISC & TAPE DRIVES,4
3685,OPTICAL CHARACTER & LASER SCANNERS,4
3686,COMPUTER GRAPHICS SYSTEMS,4
3687,OFFICE AUTOMATION SYSTEMS,4
3688,COMPUTER PERIPHERALS,4
3689,"COMPUTER EQUIPMENT, NEC",4
3690,"MISCELLANEOUS ELECTRICAL MACHINERY, EQUIPMENT, AND SUPPLIES",4
3691,STORAGE BATTERIES,4
3692,"PRIMARY BATTERIES, DRY AND WET",4
3693,"RADIOGPH,FLUOR,THERA XRAY & TUBES; ELECTROMED & ELECTROTHERA APP",4
3694,ELECTRICAL EQUIPMENT FOR INTERNAL COMBUSTION ENGINES,4
3695,MAGNETIC AND OPTICAL RECORDING MEDIA,4
3699,"ELECTRICAL MACHINERY, EQUIPMENT, AND SUPPLIES, NEC",4
3700,TRANSPORTATION EQUIPMENT,4
3710,MOTOR VEHICLES AND MOTOR VEHICLE EQUIPMENT,4
3711,MOTOR VEHICLES AND PASSENGER CAR BODIES,4
3713,TRUCK AND BUS BODIES,4
3714,MOTOR VEHICLE PARTS AND ACCESSORIES,4
3715,TRUCK TRAILERS,4
3716,MOTOR HOMES,4
3720,AIRCRAFT AND PARTS,4
3721,AIRCRAFT,4
3724,AIRCRAFT ENGINES AND ENGINE PARTS,4
3728,"AIRCRAFT PARTS AND AUXILIARY EQUIPMENT, NEC",4
3730,SHIP AND BOAT BUILDING AND REPAIRING,4
3731,SHIP BUILDING AND REPAIRING,4
3732,BOAT BUILDING AND REPAIRING,4
3740,RAILROAD EQUIPMENT,4
3743,RAILROAD EQUIPMENT,4
3750,"MOTORCYCLES, BICYCLES, AND PARTS",4
3751,"MOTORCYCLES, BICYCLES, AND PARTS",4
3760,GUIDED MISSILES AND SPACE VEHICLES AND PARTS,4
3761,GUIDED MISSILES AND SPACE VEHICLES,4
3764,GUIDED MISSILE & SPACE VEH PROPULSION UNIT & PROPULSN UNIT PARTS,4
3769,"GUIDED MISSILE & SPACE VEHICLE PARTS & AUXILIARY EQUIPMENT, NEC",4
3790,MISCELLANEOUS TRANSPORTATION EQUIPMENT,4
3792,TRAVEL TRAILERS AND CAMPERS,4
3795,TANKS AND TANK COMPONENTS,4
3799,"TRANSPORTATION EQUIPMENT, NEC",4
3800,"MEASURING,ANALYZING,CONTROL INSTR; PHOTO,MED,OPTIC GDS; WATCHES,CLOCKS",4
3810,"SEARCH,DETECTION,NAVIGATION,GUIDANCE,AERONAUTICAL,NAUTICAL SYS,INSTR,EQ",4
3811,"ENGINEERING, LAB, SCIENTIFIC & RESEARCH INSTRUMENTS & ASSOCIATED EQUIP",4
3812,"SEARCH,DETECTION,NAVIGATION,GUIDANCE,AERONAUTICAL AND NAUTICAL SYS,INSTR",4
3820,"LABORATORY APPARATUS AND ANALYTICAL,OPTICAL,MEASURING & CONTROLLNG INSTR",4
3821,LABORATORY APPARATUS AND FURNITURE,4
3822,AUTOMATIC CONTROLS FOR REGULATING RESIDENTL & COMML ENVIR & APPL,4
3823,"INDL INSTR FOR MEAS, DISPLAY, CNTL OF PROCESS VARIABLES; RELATED PDS",4
3824,TOTALIZING FLUID METERS AND COUNTING DEVICES,4
3825,INSTRUMENTS FOR MEAS & TESTING OF ELECTRICITY & ELEC SIGNALS,4
3826,LABORATORY ANALYTICAL INSTRUMENTS,4
3827,OPTICAL INSTRUMENTS AND LENSES,4
3829,"MEASURING AND CONTROLLING DEVICES, NEC",4
3830,OPTICAL INSTRUMENTS AND LENSES,4
3832,OPTICAL INSTRUMENTS AND LENSES,4
3840,"SURGICAL, MEDICAL, AND DENTAL INSTRUMENTS AND SUPPLIES",4
3841,SURGICAL AND MEDICAL INSTRUMENTS AND APPARATUS,4
3842,"ORTHOPEDIC, PROSTHETIC, AND SURGICAL APPLIANCES AND SUPPLIES",4
3843,DENTAL EQUIPMENT AND SUPPLIES,4
3844,X-RAY APPARATUS AND TUBES AND RELATED IRRADIATION APPARATUS,4
3845,ELECTROMEDICAL AND ELECTROTHERAPEUTIC APPARATUS,4
3850,OPHTHALMIC GOODS,4
3851,OPHTHALMIC GOODS,4
3860,PHOTOGRAPHIC EQUIPMENT AND SUPPLIES,4
3861,PHOTOGRAPHIC EQUIPMENT AND SUPPLIES,4
3870,"WATCHES, CLOCKS, CLOCKWORK OPERATED DEVICES, AND PARTS",4
3873,"WATCHES, CLOCKS, CLOCKWORK OPERATED DEVICES, AND PARTS",4
3900,MISCELLANEOUS MANUFACTURING INDUSTRIES,4
3910,"JEWELRY, SILVERWARE, AND PLATED WARE",4
3911,"JEWELRY, PRECIOUS METAL",4
3914,"SILVERWARE, PLATED WARE, AND STAINLESS STEEL WARE",4
3915,"JEWELERS' FINDINGS AND MATERIALS, AND LAPIDARY WORK",4
3930,MUSICAL INSTRUMENTS,4
3931,MUSICAL INSTRUMENTS,4
3940,"DOLLS, TOYS, GAMES AND SPORTING AND ATHLETIC GOODS",4
3942,DOLLS AND STUFFED TOYS,4
3944,"GAMES, TOYS, AND CHILDREN'S VEHICLES; EXCEPT DOLLS AND BICYCLES",4
3949,"SPORTING AND ATHLETIC GOODS, NEC",4
3950,"PENS, PENCILS, AND OTHER ARTISTS' MATERIALS",4
3951,"PENS, MECHANICAL PENCILS, AND PARTS",4
3952,"LEAD PENCILS, CRAYONS, AND ARTISTS' MATERIALS",4
3953,MARKING DEVICES,4
3955,CARBON PAPER AND INKED RIBBONS,4
3960,"COSTUME JEWELRY & NOVELTIES,BUTTONS & MISC NOTIONS,EX PRECIOUS METAL",4
3961,"COSTUME JEWELRY AND COSTUME NOVELTIES, EXCEPT PRECIOUS METAL",4
3962,"FEATHERS, PLUMES, AND ARTIFICIAL TREES AND FLOWERS",4
3963,BUTTONS,4
3964,"NEEDLES, PINS, HOOKS AND EYES, AND SIMILAR NOTIONS",4
3965,"FASTENERS, BUTTONS, NEEDLES, AND PINS",4
3990,MISCELLANEOUS MANUFACTURING INDUSTRIES,4
3991,BROOMS AND BRUSHES,4
3993,SIGNS AND ADVERTISING SPECIALTIES,4
3995,BURIAL CASKETS,4
3996,"LINOLEUM, ASPHALTED-FELT-BASE, & OTH HARD SURFACE FLOOR COVERINGS,NEC",4
3999,"MANUFACTURING INDUSTRIES, NEC",4
4000,RAILROAD TRANSPORTATION,4
4010,RAILROADS,4
4011,"RAILROADS, LINE-HAUL OPERATING",4
4013,RAILROAD SWITCHING AND TERMINAL ESTABLISHMENTS,4
4100,LOCAL & SURURBAN TRANSIT & INTERURBAN HIGHWAY PASSENGER TRANSPORTATION,4
4110,LOCAL AND SUBURBAN PASSENGER TRANSPORTATION,4
4111,LOCAL AND SUBURBAN TRANSIT,4
4119,"LOCAL PASSENGER TRANSPORTATION, NEC",4
4120,TAXICABS,4
4121,TAXICABS,4
4130,INTERCITY AND RURAL BUS TRANSPORTATION,4
4131,INTERCITY AND RURAL BUS TRANSPORTATION,4
4140,BUS CHARTER SERVICE,4
4141,LOCAL BUS CHARTER SERVICE,4
4142,"BUS CHARTER SERVICE, EXCEPT LOCAL",4
4150,SCHOOL BUSES,4
4151,SCHOOL BUSES,4
4170,TERMINAL & SERVICE FACILITIES FOR MOTOR VEHICLE PASSENGER TRANSPORTATION,4
4171,"TERMINAL,JOINT TERMINAL MAINT FACILITY FOR MOTOR VEH PASSENGER TRANS",4
4172,MAINTENANCE & SERVICE FACIL FOR MOTOR VEHICLE PASSENGER TRANS,4
4173,TERMINAL & SERVICE FACILITIES FOR MOTOR VEHICLE PASSENGER TRANSPORTATION,4
4200,MOTOR FREIGHT TRANSPORTATION AND WAREHOUSING,4
4210,"TRUCKING AND COURIER SERVICES, EXCEPT AIR",4
4212,LOCAL TRUCKING WITHOUT STORAGE,4
4213,"TRUCKING, EXCEPT LOCAL",4
4214,LOCAL TRUCKING WITH STORAGE,4
4215,"COURIER SERVICES, EXCEPT BY AIR",4
4220,PUBLIC WAREHOUSING AND STORAGE,4
4221,FARM PRODUCT WAREHOUSING AND STORAGE,4
4222,REFRIGERATED WAREHOUSING AND STORAGE,4
4224,HOUSEHOLD GOODS WAREHOUSING AND STORAGE,4
4225,GENERAL WARHOUSING AND STORAGE,4
4226,"SPECIAL WAREHOUSING AND STORAGE, NEC",4
4230,TERMINAL & JOINT TERMINAL MAINT FACILITIES FOR MOTOR FREIGHT TRANS,4
4231,TERMINAL & JOINT TERMINAL MAINT FACILITIES FOR MOTOR FREIGHT TRANS,4
4300,UNITED STATES POSTAL SERVICE,4
4310,UNITED STATES POSTAL SERVICE,4
4311,UNITED STATES POSTAL SERVICE,4
4400,WATER TRANSPORTATION,4
4410,DEEP SEA FOREIGN TRANSPORTATION OF FREIGHT,4
4411,DEEP SEA FOREIGN TRANSPORTATION,4
4412,DEEP SEA FOREIGN TRANSPORTATION OF FREIGHT,4
4420,DEEP SEA DOMESTIC TRANSPORTATION OF FREIGHT,4
4421,TRANSPORTATION TO AND BETWEEN NONCONTIGUOUS TERRITORIES,4
4422,COASTWISE TRANSPORTATION,4
4423,INTERCOASTAL TRANSPORTATION,4
4424,DEEP SEA DOMESTIC TRANSPORTATION OF FREIGHT,4
4430,FREIGHT TRANSPORTATION ON THE GREAT LAKES-ST. LAWRENCE SEAWAY,4
4431,GREAT LAKES-ST. LAWRENCE SEAWAY TRANSPORTATION,4
4432,FREIGHT TRANSPORTATION ON THE GREAT LAKES-ST. LAWRENCE SEAWAY,4
4440,"WATER TRANSPORTATION OF FREIGHT, NEC",4
4441,TRANSPORTATION ON RIVERS AND CANALS,4
4449,"WATER TRANSPORTATION OF FREIGHT, NEC",4
4450,LOCAL WATER TRANSPORTATION,4
4452,FERRIES,4
4453,LIGHTERAGE,4
4454,TOWING AND TUGBOAT SERVICE,4
4459,"LOCAL WATER TRANSPORTATION, NEC",4
4460,SERVICES INCIDENTAL TO WATER TRANSPORTATION,4
4463,MARINE CARGO HANDLING,4
4464,CANAL OPERATION,4
4469,"WATER TRANSPORTATION SERVICES, NEC",4
4480,WATER TRANSPORTATION OF PASSENGERS,4
4481,"DEEP SEA TRANSPORTATION OF PASSENGERS, EXCEPT BY FERRY",4
4482,FERRIES,4
4489,"WATER TRANSPORTATION OF PASSENGERS, NEC",4
4490,SERVICES INCIDENTAL TO WATER TRANSPORTATION,4
4491,MARINE CARGO HANDLING,4
4492,TOWING AND TUGBOAT SERVICES,4
4493,MARINAS,4
4499,"WATER TRANSPORTATION SERVICES, NEC",4
4500,TRANSPORTATION BY AIR,4
4510,"AIR TRANSPORTATION, SCHEDULED, AND AIR COURIER SERVICES",4
4511,"AIR TRANSPORTATION, CERTIFICATED CARRIERS",4
4512,"AIR TRANSPORTATION, SCHEDULED",4
4513,AIR COURIER SERVICES,4
4520,"AIR TRANSPORTATION, NONSCHEDULED",4
4521,"AIR TRANSPORTATION, NONCERTIFICATED CARRIERS",4
4522,"AIR TRANSPORTATION, NONSCHEDULED",4
4580,"AIRPORTS, FLYING FIELDS, AND AIRPORT TERMINAL SERVICES",4
4581,"AIRPORTS, FLYING FIELDS, AND AIRPORT TERMINAL SERVICES",4
4582,AIRPORTS AND FLYING FIELDS,4
4583,AIRPORT TERMINAL SERVICES,4
4600,"PIPE LINES, EXCEPT NATURAL GAS",4
4610,"PIPE LINES, EXCEPT NATURAL GAS",4
4612,CRUDE PETROLEUM PIPELINES,4
4613,REFINED PETROLEUM PIPELINES,4
4619,"PIPELINES, NEC",4
4700,TRANSPORTATION SERVICES,4
4710,FREIGHT FORWARDING,4
4712,FREIGHT FORWARDING,4
4720,ARRANGEMENT OF PASSENGER TRANSPORTATION,4
4722,ARRANGEMENT OF PASSENGER TRANSPORTATION,4
4723,ARRANGEMENT OF TRANSPORTATION OF FREIGHT AND CARGO,4
4724,TRAVEL AGENCIES,4
4725,TOUR OPERATORS,4
4729,"ARRANGEMENT OF PASSENGER TRANSPORTATION, NEC",4
4730,ARRANGEMENT OF TRANSPORTATION OF FREIGHT AND CARGO,4
4731,ARRANGEMENT OF TRANSPORTATION OF FREIGHT AND CARGO,4
4740,RENTAL OF RAILROAD CARS,4
4741,RENTAL OF RAILROAD CARS,4
4742,RENTAL OF RAILROAD CARS WITH CARE OF LADING,4
4743,RENTAL OF RAILROAD CARS WITHOUT CARE OF LADING,4
4780,MISCELLANEOUS SERVICES INCIDENTAL TO TRANSPORTATION,4
4782,INSPECTION AND WEIGHING SERVICES CONNECTED WITH TRANSPORTATION,4
4783,PACKING AND CRATING,4
4784,"FIXED FACILITIES FOR HANDLING MOTOR VEHICLE TRANSPORTATION, NEC",4
4785,FIXED FACILITIES AND INSPECTION AND WEIGHING SVCS-MOTOR VEHICLE TRANS,4
4789,"TRANSPORTATION SERVICES, NEC",4
4800,COMMUNICATIONS,4
4810,TELEPHONE COMMUNICATIONS,4
4811,TELEPHONE COMMUNICATION (WIRE OR RADIO),4
4812,RADIOTELEPHONE COMMUNICATIONS,4
4813,"TELEPHONE COMMUNICATIONS, EXCEPT RADIOTELEPHONE",4
4820,TELEGRAPH AND OTHER MESSAGE COMMUNICATIONS,4
4821,TELEGRAPH COMMUNICATION (WIRE OR RADIO),4
4822,TELEGRAPH AND OTHER MESSAGE COMMUNICATIONS,4
4830,RADIO AND TELEVISION BROADCASTING STATIONS,4
4832,RADIO BROADCASTING STATIONS,4
4833,TELEVISION BROADCASTING STATIONS,4
4840,CABLE AND OTHER PAY TELEVISION SERVICES,4
4841,CABLE AND OTHER PAY TELEVISION SERVICES,4
4888,DIVERSIFIED MULTI-MEDIA,4
4890,"COMMUNICATIONS SERVICES, NEC",4
4891,CABLE TELEVISION OPERATORS,4
4892,TELEPHONE INTERCONNECT SYSTEMS,4
4899,"COMMUNICATIONS SERVICES, NEC",4
4900,"ELECTRIC, GAS, AND SANITARY SERVICES",4
4910,ELECTRIC SERVICES,4
4911,ELECTRIC SERVICES,4
4920,GAS PRODUCTION AND DISTRIBUTION,4
4922,NATURAL GAS TRANSMISSION,4
4923,NATURAL GAS TRANSMISSION AND DISTRIBUTION,4
4924,NATURAL GAS DISTRIBUTION,4
4925,"MIXED,MANUFACTURED OR LIQUIFIED PETE GAS PRODUCTION AND/OR DISTR",4
4930,"COMBINATION ELECTRIC AND GAS, AND OTHER UTILITY SERVICES",4
4931,ELECTRIC AND OTHER SERVICES COMBINED,4
4932,GAS AND OTHER SERVICES COMBINED,4
4939,"COMBINATION UTILITIES, NEC",4
4940,WATER SUPPLY,4
4941,WATER SUPPLY,4
4950,SANITARY SERVICES,4
4952,SEWERAGE SYSTEMS,4
4953,REFUSE SYSTEMS,4
4955,HAZARDOUS WASTE MANAGEMENT,4
4959,"SANITARY SERVICES, NEC",4
4960,STEAM AND AIR-CONDITIONING SUPPLY,4
4961,STEAM AND AIR-CONDITIONING SUPPLY,4
4970,IRRIGATION SYSTEMS,4
4971,IRRIGATION SYSTEMS,4
4991,COGENERATION SERVICES AND SMALL POWER PRODUCERS,4
5000,DURABLE GOODS-WHOLESALE,4
5010,MOTOR VEHICLES AND MOTOR VEHICLE PARTS AND SUPPLIES-WHOLESALE,4
5012,AUTOMOBILES AND OTHER MOTOR VEHICLES-WHOLESALE,4
5013,MOTOR VEHICLE SUPPLIES AND NEW PARTS-WHOLESALE,4
5014,TIRES AND TUBES-WHOLESALE,4
5015,"MOTOR VEHICLE PARTS, USED-WHOLESALE",4
5020,FURNITURE AND HOME FURNISHINGS-WHOLESALE,4
5021,FURNITURE-WHOLESALE,4
5023,HOME FURNISHINGS-WHOLESALE,4
5030,LUMBER AND OTHER CONSTRUCTION MATERIALS-WHOLESALE,4
5031,"LUMBER, PLYWOOD, MILLWORK, AND WOOD PANELS-WHOLESALE",4
5032,"BRICK, STONE, AND RELATED CONSTRUCTION MATERIALS-WHOLESALE",4
5033,"ROOFING, SIDING, AND INSULATION MATERIALS-WHOLESALE",4
5039,"CONSTRUCTION MATERIALS-WHOLESALE, NEC",4
5040,PROFESSIONAL AND COMMERCIAL EQUIPMENT AND SUPPLIES-WHOLESALE,4
5041,SPORTING AND RECREATIONAL GOODS AND SUPPLIES-WHOLESALE,4
5042,TOYS AND HOBBY GOODS AND SUPPLIES-WHOLESALE,4
5043,PHOTOGRAPHIC EQUIPMENT AND SUPPLIES-WHOLESALE,4
5044,OFFICE EQUIPMENT-WHOLESALE,4
5045,COMPUTERS AND COMPUTER PERIPHERAL EQUIPMENT AND SOFTWARE-WHOLESALE,4
5046,"COMMERCIAL EQUIPMENT-WHOLESALE, NEC",4
5047,"MEDICAL, DENTAL, AND HOSPITAL EQUIPMENT AND SUPPLIES-WHOLESALE",4
5048,OPHTHALMIC GOODS-WHOLESALE,4
5049,"PROFESSIONAL EQUIPMENT AND SUPPLIES-WHOLESALE, NEC",4
5050,"METALS AND MINERALS, EXCEPT PETROLEUM-WHOLESALE",4
5051,METALS SERVICE CENTERS AND OFFICES-WHOLESALE,4
5052,COAL AND OTHER MINERALS AND ORES-WHOLESALE,4
5060,ELECTRICAL GOODS-WHOLESALE,4
5063,"ELECTRICAL APPARATUS & EQUIP,WIRING SUPPLIES & CONSTR MATL-WHOLESALE",4
5064,"ELECTRICAL APPLIANCES, TELEVISION AND RADIO SETS-WHOLESALE",4
5065,"ELECTRONIC PARTS AND EQUIPMENT-WHOLESALE, NEC",4
5070,"HARDWARE, AND PLUMBING AND HEATING EQUIPMENT AND SUPPLIES-WHOLESALE",4
5072,HARDWARE-WHOLESALE,4
5074,PLUMBING AND HEATING EQUIPMENT AND SUPPLIES (HYDRONICS)-WHOLESALE,4
5075,WARM AIR HEATING AND AIR CONDITIONING EQUIPMENT AND SUPPLIES-WHOLESALE,4
5078,REFRIGERATION EQUIPMENT AND SUPPLIES-WHOLESALE,4
5080,"MACHINERY, EQUIPMENT, AND SUPPLIES-WHOLESALE",4
5081,COMMERCIAL MACHINES AND EQUIPMENT-WHOLESALE,4
5082,CONSTRUCTION AND MINING(EXCEPT PETROLEUM) MACHINERY AND EQUIPMENT-WHSL,4
5083,FARM AND GARDEN MACHINERY AND EQUIPMENT-WHOLESALE,4
5084,INDUSTRIAL MACHINERY AND EQUIPMENT-WHOLESALE,4
5085,INDUSTRIAL SUPPLIES-WHOLESALE,4
5086,PROFESSIONAL EQUIPMENT AND SUPPLIES-WHOLESALE,4
5087,SERVICE ESTABLISHMENT EQUIPMENT AND SUPPLIES-WHOLESALE,4
5088,"TRANSPORTATION EQUIPMENT AND SUPPLIES, EXCEPT MOTOR VEHICLES-WHOLESALE",4
5090,MISCELLANEOUS DURABLE GOODS-WHOLESALE,4
5091,SPORTING AND RECREATIONAL GOODS AND SUPPLIES-WHOLESALE,4
5092,TOYS AND HOBBY GOODS AND SUPPLIES-WHOLESALE,4
5093,SCRAP AND WASTE MATERIALS-WHOLESALE,4
5094,"JEWELRY, WATCHES, PRECIOUS STONES, AND PRECIOUS METALS-WHOLESALE",4
5099,"DURABLE GOODS-WHOLESALE, NEC",4
5100,NONDURABLE GOODS-WHOLESALE,4
5110,PAPER AND PAPER PRODUCTS-WHOLESALE,4
5111,PRINTING AND WRITING PAPER-WHOLESALE,4
5112,STATIONERY AND OFFICE SUPPLIES-WHOLESALE,4
5113,INDUSTRIAL AND PERSONAL SERVICE PAPER-WHOLESALE,4
5120,"DRUGS, DRUG PROPRIETARIES, AND DRUGGISTS' SUNDRIES-WHOLESALE",4
5122,"DRUGS, DRUG PROPRIETARIES, AND DRUGGISTS' SUNDRIES-WHOLESALE",4
5130,"APPAREL, PIECE GOODS, AND NOTIONS-WHOLESALE",4
5131,"PIECE GOODS, NOTIONS, AND OTHER DRY GOODS-WHOLESALE",4
5133,PIECE GOODS (WOVEN FABRICS)-WHOLESALE,4
5134,NOTIONS AND OTHER DRY GOODS-WHOLESALE,4
5136,MEN'S AND BOYS' CLOTHING AND FURNISHINGS-WHOLESALE,4
5137,"WOMEN'S, CHILDREN'S AND INFANTS' CLOTHING AND ACCESSORIES-WHOLESALE",4
5139,FOOTWEAR-WHOLESALE,4
5140,GROCERIES AND RELATED PRODUCTS-WHOLESALE,4
5141,"GROCERIES, GENERAL LINE-WHOLESALE",4
5142,PACKAGED FROZEN FOODS-WHOLESALE,4
5143,"DAIRY PRODUCTS, EXCEPT DRIED OR CANNED-WHOLESALE",4
5144,POULTRY AND POULTRY PRODUCTS-WHOLESALE,4
5145,CONFECTIONERY-WHOLESALE,4
5146,FISH AND SEAFOODS-WHOLESALE,4
5147,MEATS AND MEAT PRODUCTS-WHOLESALE,4
5148,FRESH FRUITS AND VEGETABLES-WHOLESALE,4
5149,"GROCERIES AND RELATED PRODUCTS-WHOLESALE, NEC",4
5150,FARM-PRODUCT RAW MATERIALS-WHOLESALE,4
5152,COTTON-WHOLESALE,4
5153,GRAIN AND FIELD BEANS-WHOLESALE,4
5154,LIVESTOCK-WHOLESALE,4
5159,"FARM-PRODUCT RAW MATERIALS-WHOLESALE, NEC",4
5160,CHEMICALS AND ALLIED PRODUCTS-WHOLESALE,4
5161,CHEMICALS AND ALLIED PRODUCTS-WHOLESALE,4
5162,PLASTICS MATERIALS AND BASIC FORMS AND SHAPES-WHOLESALE,4
5169,"CHEMICALS AND ALLIED PRODUCTS-WHOLESALE, NEC",4
5170,PETROLEUM AND PETROLEUM PRODUCTS-WHOLESALE,4
5171,PETROLEUM BULK STATIONS AND TERMINALS-WHOLESALE,4
5172,"PETROLEUM & PETROLEUM PDS WHOLESALERS, EXCEPT BULK STATIONS & TERMINALS",4
5180,"BEER, WINE AND DISTILLED ALCOHOLIC BEVERAGES-WHOLESALE",4
5181,BEER AND ALE-WHOLESALE,4
5182,WINE AND DISTILLED ALCOHOLIC BEVERAGES-WHOLESALE,4
5190,MISCELLANEOUS NONDURABLE GOODS-WHOLESALE,4
5191,FARM SUPPLIES-WHOLESALE,4
5192,"BOOKS, PERIODICALS, AND NEWSPAPERS-WHOLESALE",4
5193,"FLOWERS, NURSERY STOCK, AND FLORISTS' SUPPLIES-WHOLESALE",4
5194,TOBACCO AND TOBACCO PRODUCTS-WHOLESALE,4
5198,"PAINTS, VARNISHES, AND SUPPLIES-WHOLESALE",4
5199,"NONDURABLE GOODS-WHOLESALE, NEC",4
5200,"BUILDING MATERIALS, HARDWARE, GARDEN SUPPLY, & MOBILE HOME DEALERS",4
5210,LUMBER AND OTHER BUILDING MATERIALS DEALERS,4
5211,LUMBER AND OTHER BUILDING MATERIALS DEALERS,4
5230,"PAINT, GLASS, AND WALLPAPER STORES",4
5231,"PAINT, GLASS, AND WALLPAPER STORES",4
5250,HARDWARE STORES,4
5251,HARDWARE STORES,4
5260,"RETAIL NURSERIES, LAWN AND GARDEN SUPPLY STORES",4
5261,"RETAIL NURSERIES, LAWN AND GARDEN SUPPLY STORES",4
5270,MOBILE HOME DEALERS,4
5271,MOBILE HOME DEALERS,4
5300,GENERAL MERCHANDISE STORES,4
5310,DEPARTMENT STORES,4
5311,DEPARTMENT STORES,4
5330,VARIETY STORES,4
5331,VARIETY STORES,4
5334,CATALOG SHOWROOMS,4
5390,MISCELLANEOUS GENERAL MERCHANDISE STORES,4
5399,MISCELLANEOUS GENERAL MERCHANDISE STORES,4
5400,FOOD STORES,4
5410,GROCERY STORES,4
5411,GROCERY STORES,4
5412,CONVENIENCE STORES,4
5420,"MEAT AND FISH (SEAFOOD) MARKETS, INCLUDING FREEZER PROVISIONERS",4
5421,"MEAT AND FISH (SEAFOOD) MARKETS, INCLUDING FREEZER PROVISIONERS",4
5422,FREEZER AND LOCKER MEAT PROVISIONERS-RETAIL,4
5423,MEAT AND FISH (SEAFOOD) MARKETS,4
5430,FRUIT AND VEGETABLE MARKETS,4
5431,FRUIT AND VEGETABLE MARKETS,4
5440,"CANDY, NUT, AND CONFECTIONERY STORES",4
5441,"CANDY, NUT, AND CONFECTIONERY STORES",4
5450,DAIRY PRODUCTS STORES,4
5451,DAIRY PRODUCTS STORES,4
5460,BAKERIES-RETAIL,4
5461,BAKERIES-RETAIL,4
5462,BAKERIES-BAKING AND SELLING-RETAIL,4
5463,BAKERIES-SELLING ONLY-RETAIL,4
5490,MISCELLANEOUS FOOD STORES,4
5499,MISCELLANEOUS FOOD STORES,4
5500,AUTOMOTIVE DEALERS AND GASOLINE SERVICE STATIONS,4
5510,MOTOR VEHICLE DEALERS (NEW AND USED),4
5511,MOTOR VEHICLE DEALERS (NEW AND USED),4
5520,MOTOR VEHICLE DEALERS (USED ONLY),4
5521,MOTOR VEHICLE DEALERS (USED ONLY),4
5530,AUTO AND HOME SUPPLY STORES,4
5531,AUTO AND HOME SUPPLY STORES,4
5540,GASOLINE SERVICE STATIONS,4
5541,GASOLINE SERVICE STATIONS,4
5550,BOAT DEALERS,4
5551,BOAT DEALERS,4
5560,RECREATIONAL VEHICLE DEALERS,4
5561,RECREATIONAL VEHICLE DEALERS,4
5570,MOTORCYCLE DEALERS,4
5571,MOTORCYCLE DEALERS,4
5590,"AUTOMOTIVE DEALERS, NEC",4
5599,"AUTOMOTIVE DEALERS, NEC",4
5600,APPAREL AND ACCESSORY STORES,4
5610,MEN'S AND BOYS' CLOTHING AND ACCESSORY STORES,4
5611,MEN'S AND BOYS' CLOTHING AND ACCESSORY STORES,4
5620,WOMEN'S CLOTHING STORES,4
5621,WOMEN'S CLOTHING STORES,4
5630,WOMEN'S ACCESSORY AND SPECIALTY STORES,4
5631,WOMEN'S ACCESSORY AND SPECIALTY STORES,4
5632,WOMEN'S ACCESSORY AND SPECIALTY STORES,4
5640,CHILDREN'S AND INFANTS' WEAR STORES,4
5641,CHILDREN'S AND INFANTS' WEAR STORES,4
5650,FAMILY CLOTHING STORES,4
5651,FAMILY CLOTHING STORES,4
5660,SHOE STORES,4
5661,SHOE STORES,4
5680,FURRIERS AND FUR SHOPS,4
5681,FURRIERS AND FUR SHOPS,4
5690,MISCELLANEOUS APPAREL AND ACCESSORY STORES,4
5699,MISCELLANEOUS APPAREL AND ACCESSORY STORES,4
5700,"HOME FURNITURE, FURNISHINGS, AND EQUIPMENT STORES",4
5710,HOME FURNITURE AND FURNISHINGS STORES,4
5712,FURNITURE STORES,4
5713,FLOOR COVERING STORES,4
5714,"DRAPERY, CURTAIN, AND UPHOLSTERY STORES",4
5719,MISCELLANEOUS HOMEFURNISHINGS STORES,4
5720,HOUSEHOLD APPLIANCE STORES,4
5722,HOUSEHOLD APPLIANCE STORES,4
5730,"RADIO, TELEVISION, CONSUMER ELECTRONICS, AND MUSIC STORES",4
5731,"RADIO, TELEVISION, AND CONSUMER ELECTRONICS STORES",4
5732,RADIO AND TELEVISION STORES,4
5733,MUSIC STORES,4
5734,COMPUTER AND COMPUTER SOFTWARE STORES,4
5735,RECORD AND PRERECORDED TAPE STORES,4
5736,MUSICAL INSTRUMENT STORES,4
5800,EATING AND DRINKING PLACES,4
5810,EATING AND DRINKING PLACES,4
5812,EATING PLACES,4
5813,DRINKING PLACES (ALCOHOLIC BEVERAGES),4
5900,MISCELLANEOUS RETAIL,4
5910,DRUG STORES AND PROPRIETARY STORES,4
5912,DRUG STORES AND PROPRIETARY STORES,4
5920,LIQUOR STORES,4
5921,LIQUOR STORES,4
5930,USED MERCHANDISE STORES,4
5931,USED MERCHANDISE STORES,4
5932,USED MERCHANDISE STORES,4
5940,MISCELLANEOUS SHOPPING GOODS STORES,4
5941,SPORTING GOODS STORES AND BICYCLE SHOPS,4
5942,BOOK STORES,4
5943,STATIONERY STORES,4
5944,JEWELRY STORES,4
5945,"HOBBY, TOY, AND GAME SHOPS",4
5946,CAMERA AND PHOTOGRAPHIC SUPPLY STORES,4
5947,"GIFT, NOVELTY, AND SOUVENIR SHOPS",4
5948,LUGGAGE AND LEATHER GOODS STORES,4
5949,"SEWING, NEEDLEWORK, AND PIECE GOODS STORES",4
5960,NONSTORE RETAILERS,4
5961,CATALOG AND MAIL-ORDER HOUSES,4
5962,AUTOMATIC MERCHANDISING MACHINE OPERATORS,4
5963,DIRECT SELLING ESTABLISHMENTS,4
5980,FUEL DEALERS,4
5982,"FUEL & ICE DEALERS,EXCEPT FUEL OIL DEALERS & BOTTLED GAS DEALERS",4
5983,FUEL OIL DEALERS,4
5984,LIQUEFIED PETROLEUM GAS (BOTTLED GAS) DEALERS,4
5989,"FUEL DEALERS, NEC",4
5990,"RETAIL STORES, NEC",4
5992,FLORISTS,4
5993,TOBACCO STORES AND STANDS,4
5994,NEWS DEALERS AND NEWSSTANDS,4
5995,OPTICAL GOODS STORES,4
5999,"MISCELLANEOUS RETAIL STORES, NEC",4
6000,DEPOSITORY INSTITUTIONS,4
6010,CENTRAL RESERVE DEPOSITORY INSTITUTIONS,4
6011,FEDERAL RESERVE BANKS,4
6019,"CENTRAL RESERVE DEPOSITORY INSTITUTIONS, NEC",4
6020,COMMERCIAL BANKS,4
6021,NATIONAL COMMERCIAL BANKS,4
6022,STATE COMMERCIAL BANKS,4
6023,"ST BANKS, NOT MEMBERS OF THE FEDERAL RES SYS,INSURED BY THE FDIC",4
6024,"ST BANKS,NOT MEMBERS OF THE FED RES SYSTEM, NOT INSD BY THE FDIC",4
6025,"NATIONAL BANKS, MEMBERS OF THE FEDERAL RESERVE SYSTEM",4
6026,"NATL BANKS, NOT MEMBERS OF THE FED RES SYS, INSURED BY THE FDIC",4
6027,"NATIONAL BANKS, NOT INSURED BY THE FDIC",4
6028,"UNINCORPORATED PRIVATE BANKS, NOT INSURED BY THE FDIC",4
6029,"COMMERCIAL BANKS, NEC",4
6030,SAVINGS INSTITUTIONS,4
6032,"MUTUAL SAVINGS BANKS, MEMBERS OF THE FEDERAL RESERVE SYSTEM",4
6033,"MUTL SAVINGS BANKS, NOT MEMBERS OF THE FED RES SYS, INSD BY THE FDIC",4
6034,"MUTUAL SAVINGS BANKS, NOT INSURED BY THE FDIC",4
6035,"SAVINGS INSTITUTIONS, FEDERALLY CHARTERED",4
6036,"SAVINGS INSTITUTIONS, NOT FEDERALLY CHARTERED",4
6040,TRUST COMPANIES NOT ENGAGED IN DEPOSIT BANKING,4
6042,"STATE NONDEP TRUST COS, MEMBERS OF THE FED RES SYS, INSD & NOT INSD",4
6044,"STATE NONDEPOSIT TRUST COMPANIES, NOT INSURED BY THE FDIC",4
6050,ESTABLISHMENTS PERFORMING FUNCTIONS CLOSELY RELATED TO BANKING,4
6052,FOREIGN EXCHANGE ESTABLISHMENTS,4
6054,SAFE DEPOSIT COMPANIES,4
6055,CLEARINGHOUSE ASSOCIATIONS,4
6056,CORPORATIONS FOR BANKING ABROAD,4
6059,"ESTABLISHMENTS PERFORM FUNCTNS CLOSELY REL TO DEPOSIT BANKG, NEC",4
6060,CREDIT UNIONS,4
6061,"CREDIT UNIONS, FEDERALLY CHARTERED",4
6062,"CREDIT UNIONS, NOT FEDERALLY CHARTERED",4
6080,FOREIGN BANKING AND BRANCHES AND AGENCIES OF FOREIGN BANKS,4
6081,BRANCHES AND AGENCIES OF FOREIGN BANKS,4
6082,FOREIGN TRADE AND INTERNATIONAL BANKING INSTITUTIONS,4
6090,FUNCTIONS RELATED TO DEPOSITORY BANKING,4
6091,NONDEPOSIT TRUST FACILITIES,4
6099,"FUNCTIONS RELATED TO DEPOSITORY BANKING, NEC",4
6100,NONDEPOSITORY CREDIT INSTITUTIONS,4
6110,FEDERAL AND FEDERALLY-SPONSORED CREDIT AGENCIES,4
6111,FEDERAL AND FEDERALLY-SPONSORED CREDIT AGENCIES,4
6112,"REDISC,FING INSTN FOR CR AGY(OTH THAN BANKS)NOT PRIM ASSD WITH AGRIC CR",4
6113,"REDISC,FING INSTN FOR CR AGY(OTH THAN BANKS)PRIM ASSD WITH AGRIC CR",4
6120,SAVINGS AND LOAN ASSOCIATIONS,4
6122,FEDERAL SAVINGS AND LOAN ASSOCIATIONS,4
6123,"STATE SAVINGS & LOAN ASSN, INSD BY THE FED SAVINGS & LOAN INS CORP",4
6124,"STATE SAVINGS & LOAN ASSN, NOT INSD, MEMBERS FED HOME LOAN BANK SYS",4
6125,"STATE SAVINGS & LOAN ASSN, NOT INSD, NOT MEMBERS FED HOME LOAN BANK SYS",4
6130,AGRICULTURAL CREDIT INSTITUTIONS,4
6131,AGRICULTURAL CREDIT INSTITUTIONS,4
6140,PERSONAL CREDIT INSTITUTIONS,4
6141,PERSONAL CREDIT INSTITUTIONS,4
6142,FEDERAL CREDIT UNIONS,4
6143,STATE CREDIT UNIONS,4
6144,INDUSTRIAL LOAN COMPANIES NOT ENGAGED IN DEPOSIT BANKING,4
6145,LICENSED SMALL LOAN LENDERS,4
6146,INSTALLMENT SALES FINANCE COMPANIES,4
6149,MISCELLANEOUS PERSONAL CREDIT INSTITUTIONS,4
6150,BUSINESS CREDIT INSTITUTIONS,4
6153,"SHORT-TERM BUSINESS CREDIT INSTITUTIONS, EXCEPT AGRICULTURAL",4
6159,MISCELLANEOUS BUSINESS CREDIT INSTITUTIONS,4
6160,MORTGAGE BANKERS AND BROKERS,4
6162,MORTGAGE BANKERS AND LOAN CORRESPONDENTS,4
6163,LOAN BROKERS,4
6172,FINANCE LESSORS,4
6199,FINANCE SERVICES,4
6200,"SECURITY & COMMODITY BROKERS, DEALERS, EXCHANGES, & SERVICES",4
6210,"SECURITY BROKERS, DEALERS, & FLOTATION COMPANIES",4
6211,"SECURITY BROKERS, DEALERS, & FLOTATION COMPANIES",4
6220,COMMODITY CONTRACTS BROKERS & DEALERS,4
6221,COMMODITY CONTRACTS BROKERS & DEALERS,4
6230,SECURITY AND COMMODITY EXCHANGES,4
6231,SECURITY AND COMMODITY EXCHANGES,4
6280,SERVICES ALLIED WITH THE EXCHANGE OF SECURITIES OR COMMODITIES,4
6281,SERVICES ALLIED WITH THE EXCHANGE OF SECURITIES OR COMMODITIES,4
6282,INVESTMENT ADVICE,4
6289,"SERVICES ALLIED WITH THE EXCHANGE OF SECURITIES OR COMMODITIES, NEC",4
6300,INSURANCE CARRIERS,4
6310,LIFE INSURANCE,4
6311,LIFE INSURANCE,4
6312,LIFE INSURANCE,4
6320,ACCIDENT & HEALTH INSURANCE & MEDICAL SERVICE PLANS,4
6321,ACCIDENT AND HEALTH INSURANCE,4
6324,HOSPITAL AND MEDICAL SERVICE PLANS,4
6330,"FIRE, MARINE, AND CASUALTY INSURANCE",4
6331,"FIRE, MARINE, AND CASUALTY INSURANCE",4
6332,PROPERTY-CASUALTY INSURANCE,4
6350,SURETY INSURANCE,4
6351,SURETY INSURANCE,4
6360,TITLE INSURANCE,4
6361,TITLE INSURANCE,4
6370,"PENSION, HEALTH, AND WELFARE FUNDS",4
6371,"PENSION, HEALTH, AND WELFARE FUNDS",4
6390,"INSURANCE CARRIERS, NEC",4
6399,"INSURANCE CARRIERS, NEC",4
6400,"INSURANCE AGENTS, BROKERS, AND SERVICE",4
6410,"INSURANCE AGENTS, BROKERS, AND SERVICE",4
6411,"INSURANCE AGENTS, BROKERS, AND SERVICE",4
6500,REAL ESTATE,4
6510,REAL ESTATE OPERATORS(EXCEPT DEVELOPERS)AND LESSORS,4
6512,OPERATORS OF NONRESIDENTIAL BUILDINGS,4
6513,OPERATORS OF APARTMENT BUILDINGS,4
6514,OPERATORS OF DWELLINGS OTHER THAN APARTMENT BUILDINGS,4
6515,OPERATORS OF RESIDENTIAL MOBILE HOME SITES,4
6517,LESSORS OF RAILROAD PROPERTY,4
6519,"LESSORS OF REAL PROPERTY, NEC",4
6530,REAL ESTATE AGENTS AND MANAGERS,4
6531,REAL ESTATE AGENTS & MANAGERS,4
6532,REAL ESTATE DEALERS,4
6540,TITLE ABSTRACT OFFICES,4
6541,TITLE ABSTRACT OFFICES,4
6550,LAND SUBDIVIDERS AND DEVELOPERS,4
6552,"LAND SUBDIVIDERS AND DEVELOPERS, EXCEPT CEMETERIES",4
6553,CEMETERY SUBDIVIDERS AND DEVELOPERS,4
6600,"COMBINATIONS OF REAL ESTATE, INSURANCE, LOANS, LAW OFFICES",4
6610,"COMBINATIONS OF REAL ESTATE, INSURANCE, LOANS, LAW OFFICES",4
6611,"COMBINATIONS OF REAL ESTATE, INSURANCE, LOANS, LAW OFFICES",4
6700,HOLDING AND OTHER INVESTMENT OFFICES,4
6710,HOLDING OFFICES,4
6711,HOLDING OFFICES,4
6712,OFFICES OF BANK HOLDING COMPANIES,4
6719,"OFFICES OF HOLDING COMPANIES, NEC",4
6720,INVESTMENT OFFICES,4
6722,"MANAGEMENT INVESTMENT OFFICES, OPEN-END",4
6723,"MANAGEMENT INVESTMENT OFFICES, CLOSED-END",4
6724,UNIT INVESTMENT TRUSTS,4
6725,FACE-AMOUNT CERTIFICATE OFFICES,4
6726,"UNIT INV TRUSTS,FACE-AMOUNT CERTIFICATE & CLOSED-END MGMT INV OFFICES",4
6730,TRUSTS,4
6732,"EDUCATIONAL, RELIGIOUS, AND CHARITABLE TRUSTS",4
6733,"TRUSTS, EXCEPT EDUCATIONAL, RELIGIOUS, AND CHARITABLE",4
6790,MISCELLANEOUS INVESTING,4
6792,OIL ROYALTY TRADERS,4
6793,COMMODITY TRADERS,4
6794,PATENT OWNERS AND LESSORS,4
6795,MINERAL ROYALTY TRADERS,4
6797,BUSINESS DEVELOPMENT COMPANY,4
6798,REAL ESTATE INVESTMENT TRUSTS,4
6799,"INVESTORS, NEC",4
7000,"HOTELS, ROOMING HOUSES, CAMPS, AND OTHER LODGING PLACES",4
7010,HOTELS AND MOTELS,4
7011,HOTELS AND MOTELS,4
7020,ROOMING AND BOARDING HOUSES,4
7021,ROOMING AND BOARDING HOUSES,4
7030,CAMPS AND RECREATIONAL VEHICLE PARKS,4
7032,SPORTING AND RECREATIONAL CAMPS,4
7033,RECREATIONAL VEHICLE PARKS AND CAMPSITES,4
7040,"ORGANIZATION HOTELS AND LODGING HOUSES, ON MEMBERSHIP BASIS",4
7041,"ORGANIZATION HOTELS AND LODGING HOUSES, ON MEMBERSHIP BASIS",4
7200,PERSONAL SERVICES,4
7210,"LAUNDRY, CLEANING, AND GARMENT SERVICES",4
7211,"POWER LAUNDRIES, FAMILY AND COMMERCIAL",4
7212,"GARMENT PRESSING, AND AGENTS FOR LAUNDRIES AND DRYCLEANERS",4
7213,LINEN SUPPLY,4
7214,DIAPER SERVICE,4
7215,COIN-OPERATED LAUNDRIES AND DRYCLEANING,4
7216,"DRYCLEANING PLANTS, EXCEPT RUG CLEANING",4
7217,CARPET AND UPHOLSTERY CLEANING,4
7218,INDUSTRIAL LAUNDERERS,4
7219,"LAUNDRY AND GARMENT SERVICES, NEC",4
7220,"PHOTOGRAPHIC STUDIOS, PORTRAIT",4
7221,"PHOTOGRAPHIC STUDIOS, PORTRAIT",4
7230,BEAUTY SHOPS,4
7231,BEAUTY SHOPS,4
7240,BARBER SHOPS,4
7241,BARBER SHOPS,4
7250,SHOE REPAIR SHOPS AND SHOESHINE PARLORS,4
7251,SHOE REPAIR SHOPS AND SHOESHINE PARLORS,4
7260,FUNERAL SERVICE AND CREMATORIES,4
7261,FUNERAL SERVICE AND CREMATORIES,4
7290,MISCELLANEOUS PERSONAL SERVICES,4
7291,TAX RETURN PREPARATION SERVICES,4
7299,"MISCELLANEOUS PERSONAL SERVICES, NEC",4
7300,BUSINESS SERVICES,4
7310,ADVERTISING,4
7311,ADVERTISING AGENCIES,4
7312,OUTDOOR ADVERTISING SERVICES,4
7313,"RADIO, TELEVISION, AND PUBLISHERS' ADVERTISING REPRESENTATIVES",4
7319,"ADVERTISING, NEC",4
7320,"CONSUMER CREDIT REPORT, MERCANTILE REPORT, ADJ & COLLECTION AGENCY",4
7321,"CONS CREDIT REPORTNG,MERCANTILE REPORTNG,ADJ & COLLECTION AGENCIES",4
7322,ADJUSTMENT AND COLLECTION SERVICES,4
7323,CREDIT REPORTING SERVICES,4
7330,"MAILING, REPRODUCTION, COMMERCIAL ART & PHOTO, STENOGRAPHIC SERVICES",4
7331,DIRECT MAIL ADVERTISING SERVICES,4
7332,BLUEPRINTING AND PHOTOCOPYING SERVICES,4
7333,"COMMERCIAL PHOTOGRAPHY, ART, AND GRAPHICS",4
7334,PHOTOCOPYING AND DUPLICATING SERVICES,4
7335,COMMERCIAL PHOTOGRAPHY,4
7336,COMMERCIAL ART AND GRAPHIC DESIGN,4
7338,SECRETARIAL AND COURT REPORTING SERVICES,4
7339,"STENOGRAPHIC SERVICES; AND REPRODUCTION SERVICES, NEC",4
7340,SERVICES TO DWELLINGS AND OTHER BUILDINGS,4
7341,WINDOW CLEANING,4
7342,DISINFECTING AND PEST CONTROL SERVICES,4
7349,"BUILDING CLEANING AND MAINTENANCE SERVICES, NEC",4
7350,MISCELLANEOUS EQUIPMENT RENTAL AND LEASING,4
7351,NEWS SYNDICATES,4
7352,MEDICAL EQUIPMENT RENTAL AND LEASING,4
7353,HEAVY CONSTRUCTION EQUIPMENT RENTAL AND LEASING,4
7359,"EQUIPMENT RENTAL AND LEASING, NEC",4
7360,PERSONNEL SUPPLY SERVICES,4
7361,EMPLOYMENT AGENCIES,4
7362,TEMPORARY HELP SUPPLY SERVICES,4
7363,HELP SUPPLY SERVICES,4
7369,"PERSONNEL SUPPLY SERVICES, NEC",4
7370,"COMPUTER PROGRAMMING, DATA PROCESSING, AND OTHER COMPUTER RELATED SVCS",4
7371,COMPUTER PROGRAMMING SERVICES,4
7372,PREPACKAGED SOFTWARE,4
7373,COMPUTER INTEGRATED SYSTEMS DESIGN,4
7374,COMPUTER PROCESSING AND DATA PREPARATION AND PROCESSING SERVICES,4
7375,INFORMATION RETRIEVAL SERVICES,4
7376,COMPUTER FACILITIES MANAGEMENT SERVICE,4
7377,COMPUTER RENTAL AND LEASING,4
7378,COMPUTER MAINTENANCE AND REPAIR,4
7379,"COMPUTER RELATED SERVICES, NEC",4
7380,MISCELLANEOUS BUSINESS SERVICES,4
7381,"DETECTIVE, GUARD, AND ARMORED CAR SERVICES",4
7382,SECURITY SYSTEMS SERVICE,4
7383,NEWS SYNDICATES,4
7384,PHOTOFINISHING LABORATORIES,4
7385,TELEPHONE INTERCONNECT SYSTEMS,4
7389,"BUSINESS SERVICES, NEC",4
7390,MISCELLANEOUS BUSINESS SERVICES,4
7391,RESEARCH AND DEVELOPMENT LABORATORIES,4
7392,"MANAGEMENT, CONSULTING, AND PUBLIC RELATIONS SERVICES",4
7393,DETECTIVE AGENCIES AND PROTECTIVE SERVICES,4
7394,EQUIPMENT RENTAL AND LEASING SERVICES,4
7395,PHOTOFINISHING LABORATORIES,4
7396,TRADING STAMPS SERVICES,4
7397,COMMERCIAL TESTING LABORATORIES,4
7399,"BUSINESS SERVICES, NEC",4
7500,"AUTOMOTIVE REPAIR, SERVICES, AND PARKING",4
7510,"AUTOMOTIVE RENTAL AND LEASING, WITHOUT DRIVERS",4
7512,"PASSENGER CAR RENTAL AND LEASING, WITHOUT DRIVERS",4
7513,"TRUCK RENTAL AND LEASING, WITHOUT DRIVERS",4
7514,PASSENGER CAR RENTAL,4
7515,PASSENGER CAR LEASING,4
7519,UTILITY TRAILER AND RECREATIONAL VEHICLE RENTAL,4
7520,AUTOMOBILE PARKING,4
7521,AUTOMOBILE PARKING,4
7523,PARKING LOTS,4
7525,PARKING STRUCTURES,4
7530,AUTOMOTIVE REPAIR SHOPS,4
7531,TOP AND BODY REPAIR SHOPS,4
7532,"TOP, BODY, AND UPHOLSTERY REPAIR SHOPS AND PAINT SHOPS",4
7533,AUTOMOTIVE EXHAUST SYSTEM REPAIR SHOPS,4
7534,TIRE RETREADING AND REPAIR SHOPS,4
7535,PAINT SHOPS,4
7536,AUTOMOTIVE GLASS REPLACEMENT SHOPS,4
7537,AUTOMOTIVE TRANSMISSION REPAIR SHOPS,4
7538,GENERAL AUTOMOTIVE REPAIR SHOPS,4
7539,"AUTOMOTIVE REPAIR SHOPS, NEC",4
7540,"AUTOMOTIVE SERVICES, EXCEPT REPAIR",4
7542,CARWASHES,4
7549,"AUTOMOTIVE SERVICES, EXCEPT REPAIR AND CARWASHES",4
7600,MISCELLANEOUS REPAIR SERVICES,4
7620,ELECTRICAL REPAIR SHOPS,4
7622,RADIO AND TELEVISION REPAIR SHOPS,4
7623,REFRIGERATION AND AIR-CONDITIONING SERVICE AND REPAIR SHOPS,4
7629,"ELECTRICAL AND ELECTRONIC REPAIR SHOPS, NEC",4
7630,"WATCH, CLOCK, AND JEWELRY REPAIR",4
7631,"WATCH, CLOCK, AND JEWELRY REPAIR",4
7640,REUPHOLSTERY AND FURNITURE REPAIR,4
7641,REUPHOLSTERY AND FURNITURE REPAIR,4
7690,MISCELLANEOUS REPAIR SHOPS AND RELATED SERVICES,4
7692,WELDING REPAIR,4
7694,ARMATURE REWINDING SHOPS,4
7699,"REPAIR SHOPS AND RELATED SERVICES, NEC",4
7800,MOTION PICTURES,4
7810,MOTION PICTURE PRODUCTION AND ALLIED SERVICES,4
7812,MOTION PICTURE AND VIDEO TAPE PRODUCTION,4
7813,"MOTION PICTURE PRODUCTION, EXCEPT FOR TELEVISION",4
7814,MOTION PICTURE AND TAPE PRODUCTION FOR TELEVISION,4
7819,SERVICES ALLIED TO MOTION PICTURE PRODUCTION,4
7820,MOTION PICTURE DISTRIBUTION AND ALLIED SERVICES,4
7822,MOTION PICTURE AND VIDEO TAPE DISTRIBUTION,4
7823,MOTION PICTURE FILM EXCHANGES,4
7824,FILM OR TAPE DISTRIBUTION FOR TELEVISION,4
7829,SERVICES ALLIED TO MOTION PICTURE DISTRIBUTION,4
7830,MOTION PICTURE THEATERS,4
7832,"MOTION PICTURE THEATERS, EXCEPT DRIVE-IN",4
7833,DRIVE-IN MOTION PICTURE THEATERS,4
7840,VIDEO TAPE RENTAL,4
7841,VIDEO TAPE RENTAL,4
7900,AMUSEMENT AND RECREATION SERVICES,4
7910,"DANCE STUDIOS, SCHOOLS, AND HALLS",4
7911,"DANCE STUDIOS,SCHOOLS, AND HALLS",4
7920,"THEATRICAL PRODUCERS (EX MOTION PICTURE),BANDS,ORCHESTRAS,ENTERTAINERS",4
7922,"THEATRICAL PRODUCERS (EX MOTION PICTURE), & MISC THEATRICAL SERVICES",4
7929,"BANDS, ORCHESTRAS, ACTORS, OTHER ENTERTAINERS & ENTERTAINMENT GROUPS",4
7930,BOWLING CENTERS,4
7932,BILLIARD AND POOL ESTABLISHMENTS,4
7933,BOWLING CENTERS,4
7940,COMMERCIAL SPORTS,4
7941,PROFESSIONAL SPORTS CLUBS AND PROMOTERS,4
7948,"RACING, INCLUDING TRACK OPERATION",4
7990,MISCELLANEOUS AMUSEMENT AND RECREATION SERVICES,4
7991,PHYSICAL FITNESS FACILITIES,4
7992,PUBLIC GOLF COURSES,4
7993,COIN-OPERATED AMUSEMENT DEVICES,4
7996,AMUSEMENT PARKS,4
7997,MEMBERSHIP SPORTS AND RECREATION CLUBS,4
7999,"AMUSEMENT AND RECREATION SERVICES, NEC",4
8000,HEALTH SERVICES,4
8010,OFFICES AND CLINICS OF DOCTORS OF MEDICINE,4
8011,OFFICES AND CLINICS OF DOCTORS OF MEDICINE,4
8020,OFFICES AND CLINICS OF DENTISTS,4
8021,OFFICES AND CLINICS OF DENTISTS,4
8030,OFFICES AND CLINICS OF DOCTORS OF OSTEOPATHY,4
8031,OFFICES AND CLINICS OF DOCTORS OF OSTEOPATHY,4
8040,OFFICES AND CLINICS OF OTHER HEALTH CARE PRACTITIONERS,4
8041,OFFICES AND CLINICS OF CHIROPRACTORS,4
8042,OFFICES AND CLINICS OF OPTOMETRISTS,4
8043,OFFICES AND CLINICS OF PODIATRISTS,4
8049,"OFFICES AND CLINICS OF HEALTH PRACTIONERS, NEC",4
8050,NURSING AND PERSONAL CARE FACILITIES,4
8051,SKILLED NURSING CARE FACILITIES,4
8052,INTERMEDIATE CARE FACILITIES,4
8059,"NURSING AND PERSONAL CARE FACILITIES, NEC",4
8060,HOSPITALS,4
8062,GENERAL MEDICAL AND SURGICAL HOSPITALS,4
8063,PSYCHIATRIC HOSPITALS,4
8069,"SPECIALTY HOSPITALS, EXCEPT PSYCHIATRIC",4
8070,MEDICAL AND DENTAL LABORATORIES,4
8071,MEDICAL LABORATORIES,4
8072,DENTAL LABORATORIES,4
8080,HOME HEALTH CARE SERVICES,4
8081,OUTPATIENT CARE FACILITIES,4
8082,HOME HEALTH CARE SERVICES,4
8090,"MISCELLANEOUS HEALTH AND ALLIED SERVICES, NEC",4
8091,"HEALTH AND ALLIED SERVICES, NEC",4
8092,KIDNEY DIALYSIS CENTERS,4
8093,"SPECIALTY OUTPATIENT FACILITIES, NEC",4
8099,"HEALTH AND ALLIED SERVICES, NEC",4
8100,LEGAL SERVICES,4
8110,LEGAL SERVICES,4
8111,LEGAL SERVICES,4
8200,EDUCATIONAL SERVICES,4
8210,ELEMENTARY AND SECONDARY SCHOOLS,4
8211,ELEMENTARY AND SECONDARY SCHOOLS,4
8220,"COLLEGES, UNIVERSITIES, PROFESSIONAL SCHOOLS, & JUNIOR COLLEGES",4
8221,"COLLEGES, UNIVERSITIES, AND PROFESSIONAL SCHOOLS",4
8222,JUNIOR COLLEGES AND TECHNICAL INSTITUTES,4
8230,LIBRARIES,4
8231,LIBRARIES,4
8240,VOCATIONAL SCHOOLS,4
8241,CORRESPONDENCE SCHOOLS,4
8243,DATA PROCESSING SCHOOLS,4
8244,BUSINESS AND SECRETARIAL SCHOOLS,4
8249,"VOCATIONAL SCHOOLS, NEC",4
8290,"SCHOOLS AND EDUCATIONAL SERVICES, NEC",4
8299,"SCHOOLS AND EDUCATIONAL SERVICES, NEC",4
8300,SOCIAL SERVICES,4
8320,INDIVIDUAL AND FAMILY SOCIAL SERVICES,4
8321,INDIVIDUAL AND FAMILY SOCIAL SERVICES,4
8322,INDIVIDUAL AND FAMILY SOCIAL SERVICES,4
8330,JOB TRAINING AND VOCATIONAL REHABILITATION SERVICES,4
8331,JOB TRAINING AND VOCATIONAL REHABILITATION SERVICES,4
8350,CHILD DAY CARE SERVICES,4
8351,CHILD DAY CARE SERVICES,4
8360,RESIDENTIAL CARE,4
8361,RESIDENTIAL CARE,4
8390,"SOCIAL SERVICES, NEC",4
8399,"SOCIAL SERVICES, NEC",4
8400,"MUSEUMS, ART GALLERIES, BOTANICAL AND ZOOLOGICAL GARDENS",4
8410,MUSEUMS AND ART GALLERIES,4
8411,MUSEUMS & ART GALLERIES,4
8412,MUSEUMS AND ART GALLERIES,4
8420,ARBORETA AND BOTANICAL OR ZOOLOGICAL GARDENS,4
8421,"ARBORETA, BOTANICAL AND ZOOLOGICAL GARDENS",4
8422,ARBORETA AND BOTANICAL OR ZOOLOGICAL GARDENS,4
8600,MEMBERSHIP ORGANIZATIONS,4
8610,BUSINESS ASSOCIATIONS,4
8611,BUSINESS ASSOCIATIONS,4
8620,PROFESSIONAL MEMBERSHIP ORGANIZATIONS,4
8621,PROFESSIONAL MEMBERSHIP ORGANIZATIONS,4
8630,LABOR UNIONS AND SIMILAR LABOR ORGANIZATIONS,4
8631,LABOR UNIONS AND SIMILAR LABOR ORGANIZATIONS,4
8640,"CIVIC, SOCIAL, AND FRATERNAL ASSOCIATIONS",4
8641,"CIVIC, SOCIAL, AND FRATERNAL ASSOCIATIONS",4
8650,POLITICAL ORGANIZATIONS,4
8651,POLITICAL ORGANIZATIONS,4
8660,RELIGIOUS ORGANIZATIONS,4
8661,RELIGIOUS ORGANIZATIONS,4
8690,"MEMBERSHIP ORGANIZATIONS, NEC",4
8699,"MEMBERSHIP ORGANIZATIONS, NEC",4
8700,"ENGINEERING, ACCOUNTING, RESEARCH, MANAGEMENT, AND RELATED SERVICES",4
8710,"ENGINEERING, ARCHITECTURAL, AND SURVEYING SERVICES",4
8711,ENGINEERING SERVICES,4
8712,ARCHITECTURAL SERVICES,4
8713,SURVEYING SERVICES,4
8720,"ACCOUNTING,AUDITING, AND BOOKKEEPING SERVICES",4
8721,"ACCOUNTING,AUDITING, AND BOOKKEEPING SERVICES",4
8730,"RESEARCH, DEVELOPMENT, AND TESTING SERVICES",4
8731,COMMERCIAL PHYSICAL AND BIOLOGICAL RESEARCH,4
8732,"COMMERCIAL ECONOMIC, SOCIOLOGICAL, AND EDUCATIONAL RESEARCH",4
8733,NONCOMMERCIAL RESEARCH ORGANIZATIONS,4
8734,TESTING LABORATORIES,4
8740,MANAGEMENT AND PUBLIC RELATIONS SERVICES,4
8741,MANAGEMENT SERVICES,4
8742,MANAGEMENT CONSULTING SERVICES,4
8743,PUBLIC RELATIONS SERVICES,4
8744,FACILITIES SUPPORT MANAGEMENT SERVICES,4
8748,"BUSINESS CONSULTING SERVICES, NEC",4
8800,PRIVATE HOUSEHOLDS,4
8810,PRIVATE HOUSEHOLDS,4
8811,PRIVATE HOUSEHOLDS,4
8900,"SERVICES, NEC",4
8910,"ENGINEERING, ARCHITECTURAL, AND SURVEYING SERVICES",4
8911,"ENGINEERING, ARCHITECTURAL, AND SURVEYING SERVICES",4
8920,"NONCOMMERCIAL EDUCATIONAL, SCIENTIFIC, & RESEARCH ORGANIZATIONS",4
8922,"NONCOMMERCIAL EDUCATIONAL, SCIENTIFIC, & RESEARCH ORGANIZATIONS",4
8930,"ACCOUNTING, AUDITING, AND BOOKKEEPING SERVICES",4
8931,"ACCOUNTING, AUDITING, AND BOOKKEEPING SERVICES",4
8990,"SERVICES, NEC",4
8999,"SERVICES, NEC",4
9100,"EXECUTIVE, LEGISLATIVE, AND GENERAL GOVERNMENT, EXCEPT FINANCE",4
9110,EXECUTIVE OFFICES,4
9111,EXECUTIVE OFFICES,4
9120,LEGISLATIVE BODIES,4
9121,LEGISLATIVE BODIES,4
9130,EXECUTIVE AND LEGISLATIVE OFFICES COMBINED,4
9131,EXECUTIVE AND LEGISLATIVE OFFICES COMBINED,4
9190,"GENERAL GOVERNMENT, NEC",4
9199,"GENERAL GOVERNMENT, NEC",4
9200,"JUSTICE, PUBLIC ORDER, AND SAFETY",4
9210,COURTS,4
9211,COURTS,4
9220,PUBLIC ORDER AND SAFETY,4
9221,POLICE PROTECTION,4
9222,LEGAL COUNSEL AND PROSECUTION,4
9223,CORRECTIONAL INSTITUTIONS,4
9224,FIRE PROTECTION,4
9229,"PUBLIC ORDER AND SAFETY, NEC",4
9300,"PUBLIC FINANCE, TAXATION, AND MONETARY POLICY",4
9310,"PUBLIC FINANCE, TAXATION, AND MONETARY POLICY",4
9311,"PUBLIC FINANCE, TAXATION, AND MONETARY POLICY",4
9400,ADMINISTRATION OF HUMAN RESOURCE PROGRAMS,4
9410,ADMINISTRATION OF EDUCATIONAL PROGRAMS,4
9411,ADMINISTRATION OF EDUCATIONAL PROGRAMS,4
9430,ADMINISTRATION OF PUBLIC HEALTH PROGRAMS,4
9431,ADMINISTRATION OF PUBLIC HEALTH PROGRAMS,4
9440,"ADMINISTRATION OF SOCIAL, HUMAN RESOURCE AND INCOME MAINTENANCE PROGRAMS",4
9441,"ADMINISTRATION OF SOCIAL, HUMAN RESOURCE AND INCOME MAINTENANCE PROGRAMS",4
9450,"ADMINISTRATION OF VETERANS' AFFAIRS, EXCEPT HEALTH AND INSURANCE",4
9451,"ADMINISTRATION OF VETERANS' AFFAIRS, EXCEPT HEALTH AND INSURANCE",4
9500,ADMINISTRATION OF ENVIRONMENTAL QUALITY AND HOUSING PROGRAMS,4
9510,ADMINISTRATION OF ENVIRONMENTAL QUALITY PROGRAMS,4
9511,AIR AND WATER RESOURCE AND SOLID WASTE MANAGEMENT,4
9512,"LAND, MINERAL, WILDLIFE, AND FOREST CONSERVATION",4
9530,ADMINISTRATION OF HOUSING AND URBAN DEVELOPMENT PROGRAMS,4
9531,ADMINISTRATION OF HOUSING PROGRAMS,4
9532,ADMINISTRATION OF URBAN PLANNING & COMMUNITY & RURAL DEVELOPMENT,4
9600,ADMINISTRATION OF ECONOMIC PROGRAMS,4
9610,ADMINISTRATION OF GENERAL ECONOMIC PROGRAMS,4
9611,ADMINISTRATION OF GENERAL ECONOMIC PROGRAMS,4
9620,REGULATION AND ADMINISTRATION OF TRANSPORTATION PROGRAMS,4
9621,REGULATION AND ADMINISTRATION OF TRANSPORTATION PROGRAMS,4
9630,"REGULATION & ADMINISTRATION OF COMMUNICATION,ELECTRIC,GAS,OTH UTILITIES",4
9631,"REGULATION & ADMINISTRATION OF COMMUNICATION,ELECTRIC,GAS,OTH UTILITIES",4
9640,REGULATION OF AGRICULTURAL MARKETING AND COMMODITIES,4
9641,REGULATION OF AGRICULTURAL MARKETING AND COMMODITIES,4
9650,"REGULATION, LICENSING, AND INSPECTION OF MISC COMMERCIAL SECTORS",4
9651,"REGULATION, LICENSING, AND INSPECTION OF MISC COMMERCIAL SECTORS",4
9660,SPACE RESEARCH AND TECHNOLOGY,4
9661,SPACE RESEARCH AND TECHNOLOGY,4
9700,NATIONAL SECURITY AND INTERNATIONAL AFFAIRS,4
9710,NATIONAL SECURITY,4
9711,NATIONAL SECURITY,4
9720,INTERNATIONAL AFFAIRS,4
9721,INTERNATIONAL AFFAIRS,4
9900,NONCLASSIFIABLE ESTABLISHMENTS,4
9990,NONCLASSIFIABLE ESTABLISHMENTS,4
9995,"Non Operating Establishments, Blank Checks & Development Stage Companies",4
9997,CONGLOMERATES,4
9998,MULTI-SECTOR HOLDINGS,4
9999,NONCLASSIFIABLE ESTABLISHMENTS,4
